
NTIgraduation.elf:     file format elf32-avr

Sections:
Idx Name          Size      VMA       LMA       File off  Algn
  0 .text         00001404  00000000  00000000  00000094  2**1
                  CONTENTS, ALLOC, LOAD, READONLY, CODE
  1 .data         000000fa  00800060  00001404  00001498  2**0
                  CONTENTS, ALLOC, LOAD, DATA
  2 .bss          00000010  0080015a  0080015a  00001592  2**0
                  ALLOC
  3 .comment      0000005c  00000000  00000000  00001592  2**0
                  CONTENTS, READONLY
  4 .note.gnu.avr.deviceinfo 0000003c  00000000  00000000  000015f0  2**2
                  CONTENTS, READONLY
  5 .debug_aranges 000002b0  00000000  00000000  0000162c  2**0
                  CONTENTS, READONLY, DEBUGGING
  6 .debug_info   0000260f  00000000  00000000  000018dc  2**0
                  CONTENTS, READONLY, DEBUGGING
  7 .debug_abbrev 00000dbc  00000000  00000000  00003eeb  2**0
                  CONTENTS, READONLY, DEBUGGING
  8 .debug_line   000014e7  00000000  00000000  00004ca7  2**0
                  CONTENTS, READONLY, DEBUGGING
  9 .debug_frame  00000678  00000000  00000000  00006190  2**2
                  CONTENTS, READONLY, DEBUGGING
 10 .debug_str    000009f5  00000000  00000000  00006808  2**0
                  CONTENTS, READONLY, DEBUGGING
 11 .debug_loc    00001265  00000000  00000000  000071fd  2**0
                  CONTENTS, READONLY, DEBUGGING
 12 .debug_ranges 00000228  00000000  00000000  00008462  2**0
                  CONTENTS, READONLY, DEBUGGING

Disassembly of section .text:

00000000 <__vectors>:
       0:	0c 94 2a 00 	jmp	0x54	; 0x54 <__ctors_end>
       4:	0c 94 bd 05 	jmp	0xb7a	; 0xb7a <__vector_1>
       8:	0c 94 e4 05 	jmp	0xbc8	; 0xbc8 <__vector_2>
       c:	0c 94 0b 06 	jmp	0xc16	; 0xc16 <__vector_3>
      10:	0c 94 47 00 	jmp	0x8e	; 0x8e <__bad_interrupt>
      14:	0c 94 47 00 	jmp	0x8e	; 0x8e <__bad_interrupt>
      18:	0c 94 47 00 	jmp	0x8e	; 0x8e <__bad_interrupt>
      1c:	0c 94 47 00 	jmp	0x8e	; 0x8e <__bad_interrupt>
      20:	0c 94 47 00 	jmp	0x8e	; 0x8e <__bad_interrupt>
      24:	0c 94 47 00 	jmp	0x8e	; 0x8e <__bad_interrupt>
      28:	0c 94 59 06 	jmp	0xcb2	; 0xcb2 <__vector_10>
      2c:	0c 94 82 06 	jmp	0xd04	; 0xd04 <__vector_11>
      30:	0c 94 47 00 	jmp	0x8e	; 0x8e <__bad_interrupt>
      34:	0c 94 47 00 	jmp	0x8e	; 0x8e <__bad_interrupt>
      38:	0c 94 47 00 	jmp	0x8e	; 0x8e <__bad_interrupt>
      3c:	0c 94 47 00 	jmp	0x8e	; 0x8e <__bad_interrupt>
      40:	0c 94 47 00 	jmp	0x8e	; 0x8e <__bad_interrupt>
      44:	0c 94 47 00 	jmp	0x8e	; 0x8e <__bad_interrupt>
      48:	0c 94 47 00 	jmp	0x8e	; 0x8e <__bad_interrupt>
      4c:	0c 94 47 00 	jmp	0x8e	; 0x8e <__bad_interrupt>
      50:	0c 94 47 00 	jmp	0x8e	; 0x8e <__bad_interrupt>

00000054 <__ctors_end>:
      54:	11 24       	eor	r1, r1
      56:	1f be       	out	0x3f, r1	; 63
      58:	cf e5       	ldi	r28, 0x5F	; 95
      5a:	d8 e0       	ldi	r29, 0x08	; 8
      5c:	de bf       	out	0x3e, r29	; 62
      5e:	cd bf       	out	0x3d, r28	; 61

00000060 <__do_copy_data>:
      60:	11 e0       	ldi	r17, 0x01	; 1
      62:	a0 e6       	ldi	r26, 0x60	; 96
      64:	b0 e0       	ldi	r27, 0x00	; 0
      66:	e4 e0       	ldi	r30, 0x04	; 4
      68:	f4 e1       	ldi	r31, 0x14	; 20
      6a:	02 c0       	rjmp	.+4      	; 0x70 <__do_copy_data+0x10>
      6c:	05 90       	lpm	r0, Z+
      6e:	0d 92       	st	X+, r0
      70:	aa 35       	cpi	r26, 0x5A	; 90
      72:	b1 07       	cpc	r27, r17
      74:	d9 f7       	brne	.-10     	; 0x6c <__do_copy_data+0xc>

00000076 <__do_clear_bss>:
      76:	21 e0       	ldi	r18, 0x01	; 1
      78:	aa e5       	ldi	r26, 0x5A	; 90
      7a:	b1 e0       	ldi	r27, 0x01	; 1
      7c:	01 c0       	rjmp	.+2      	; 0x80 <.do_clear_bss_start>

0000007e <.do_clear_bss_loop>:
      7e:	1d 92       	st	X+, r1

00000080 <.do_clear_bss_start>:
      80:	aa 36       	cpi	r26, 0x6A	; 106
      82:	b2 07       	cpc	r27, r18
      84:	e1 f7       	brne	.-8      	; 0x7e <.do_clear_bss_loop>
      86:	0e 94 68 00 	call	0xd0	; 0xd0 <main>
      8a:	0c 94 00 0a 	jmp	0x1400	; 0x1400 <_exit>

0000008e <__bad_interrupt>:
      8e:	0c 94 00 00 	jmp	0	; 0x0 <__vectors>

00000092 <FireAlarm_ISR>:
u8 lamp_state = 0;

/* ==================== ISR & ADC HELPERS ==================== */
void FireAlarm_ISR(void)
{
	alarm_flag = 1;
      92:	81 e0       	ldi	r24, 0x01	; 1
      94:	80 93 5d 01 	sts	0x015D, r24	; 0x80015d <alarm_flag>
      98:	08 95       	ret

0000009a <ADC_Read>:
}

u16 ADC_Read(u8 ch)
{
	ADC_CHANNEL_SELECT(ch);
      9a:	0e 94 e8 03 	call	0x7d0	; 0x7d0 <ADC_CHANNEL_SELECT>
	ADC_START_CONVERSION();
      9e:	0e 94 ef 03 	call	0x7de	; 0x7de <ADC_START_CONVERSION>
	return ADC_Read_value();
      a2:	0e 94 f3 03 	call	0x7e6	; 0x7e6 <ADC_Read_value>
}
      a6:	08 95       	ret

000000a8 <Get_Temp>:

u8 Get_Temp(void)
{
	u16 adc = ADC_Read(LM35_CHANNEL);
      a8:	80 e0       	ldi	r24, 0x00	; 0
      aa:	0e 94 4d 00 	call	0x9a	; 0x9a <ADC_Read>
	return (u8)(((u32)adc * 500UL) / 1024UL);
      ae:	9c 01       	movw	r18, r24
      b0:	a4 ef       	ldi	r26, 0xF4	; 244
      b2:	b1 e0       	ldi	r27, 0x01	; 1
      b4:	0e 94 07 07 	call	0xe0e	; 0xe0e <__umulhisi3>
      b8:	dc 01       	movw	r26, r24
      ba:	cb 01       	movw	r24, r22
      bc:	07 2e       	mov	r0, r23
      be:	7a e0       	ldi	r23, 0x0A	; 10
      c0:	b6 95       	lsr	r27
      c2:	a7 95       	ror	r26
      c4:	97 95       	ror	r25
      c6:	87 95       	ror	r24
      c8:	7a 95       	dec	r23
      ca:	d1 f7       	brne	.-12     	; 0xc0 <Get_Temp+0x18>
      cc:	70 2d       	mov	r23, r0
}
      ce:	08 95       	ret

000000d0 <main>:
	static u8 prev_rain    = 0xFF;
	static u8 alarm_shown  = 0;
	static u8 prev_btn     = 0;

	/* 1. Init Peripherals */
	ADC_INIT();
      d0:	0e 94 c9 03 	call	0x792	; 0x792 <ADC_INIT>
	LCD_voidInit();
      d4:	0e 94 29 03 	call	0x652	; 0x652 <LCD_voidInit>
	USART_Init(9600);
      d8:	80 e8       	ldi	r24, 0x80	; 128
      da:	95 e2       	ldi	r25, 0x25	; 37
      dc:	0e 94 b4 06 	call	0xd68	; 0xd68 <USART_Init>
	TIMER0_Init();
      e0:	0e 94 36 06 	call	0xc6c	; 0xc6c <TIMER0_Init>

	/* Fast PWM on OC0 (PB3), Prescaler = 256 */
	TCCR0 = 0x6C;
      e4:	8c e6       	ldi	r24, 0x6C	; 108
      e6:	83 bf       	out	0x33, r24	; 51
	TIMER0_SetCompareValue(0);
      e8:	80 e0       	ldi	r24, 0x00	; 0
      ea:	0e 94 57 06 	call	0xcae	; 0xcae <TIMER0_SetCompareValue>

	/* Disable Unused Interrupts */
	TIMSK &= ~((1 << TOIE0) | (1 << OCIE0));
      ee:	89 b7       	in	r24, 0x39	; 57
      f0:	8c 7f       	andi	r24, 0xFC	; 252
      f2:	89 bf       	out	0x39, r24	; 57
	UCSRB &= ~(1 << RXCIE);
      f4:	8a b1       	in	r24, 0x0a	; 10
      f6:	8f 77       	andi	r24, 0x7F	; 127
      f8:	8a b9       	out	0x0a, r24	; 10
	ADCSRA &= ~(1 << ADIE);
      fa:	86 b1       	in	r24, 0x06	; 6
      fc:	87 7f       	andi	r24, 0xF7	; 247
      fe:	86 b9       	out	0x06, r24	; 6

	/* 2. Pin Directions using HAL Drivers */
	HAL_LED_voidInit(LAMP_PORT, LAMP_PIN);
     100:	60 e0       	ldi	r22, 0x00	; 0
     102:	81 e0       	ldi	r24, 0x01	; 1
     104:	0e 94 ba 03 	call	0x774	; 0x774 <HAL_LED_voidInit>
	HAL_LED_voidInit(LED_GRN_PORT, LED_GRN_PIN);
     108:	61 e0       	ldi	r22, 0x01	; 1
     10a:	81 e0       	ldi	r24, 0x01	; 1
     10c:	0e 94 ba 03 	call	0x774	; 0x774 <HAL_LED_voidInit>
	HAL_LED_voidInit(LED_RED_PORT, LED_RED_PIN);
     110:	62 e0       	ldi	r22, 0x02	; 2
     112:	81 e0       	ldi	r24, 0x01	; 1
     114:	0e 94 ba 03 	call	0x774	; 0x774 <HAL_LED_voidInit>
	buzzer_voidInit();
     118:	0e 94 5c 02 	call	0x4b8	; 0x4b8 <buzzer_voidInit>
	DIO_voidSetPinDirection(PORTB_ID, FAN_PIN, PIN_OUTPUT);
     11c:	41 e0       	ldi	r20, 0x01	; 1
     11e:	63 e0       	ldi	r22, 0x03	; 3
     120:	81 e0       	ldi	r24, 0x01	; 1
     122:	0e 94 0d 04 	call	0x81a	; 0x81a <DIO_voidSetPinDirection>
    DIO_voidSetPortDirection(PORTA_ID, ALL_PORT_INPUT); 
     126:	60 e0       	ldi	r22, 0x00	; 0
     128:	80 e0       	ldi	r24, 0x00	; 0
     12a:	0e 94 fd 03 	call	0x7fa	; 0x7fa <DIO_voidSetPortDirection>
    DIO_voidSetPinDirection(PORTD_ID, FIRE_INT_PIN, PIN_INPUT);
     12e:	40 e0       	ldi	r20, 0x00	; 0
     130:	62 e0       	ldi	r22, 0x02	; 2
     132:	83 e0       	ldi	r24, 0x03	; 3
     134:	0e 94 0d 04 	call	0x81a	; 0x81a <DIO_voidSetPinDirection>

	/* 3. External Interrupt */
	EXT_voidSetCallBack(FireAlarm_ISR, EXT0);
     138:	60 e0       	ldi	r22, 0x00	; 0
     13a:	89 e4       	ldi	r24, 0x49	; 73
     13c:	90 e0       	ldi	r25, 0x00	; 0
     13e:	0e 94 a6 05 	call	0xb4c	; 0xb4c <EXT_voidSetCallBack>
	EXT_voidInit(EXT0, RISING_EDGE);
     142:	61 e0       	ldi	r22, 0x01	; 1
     144:	80 e0       	ldi	r24, 0x00	; 0
     146:	0e 94 55 05 	call	0xaaa	; 0xaaa <EXT_voidInit>
	GIE_Enable();
     14a:	0e 94 32 06 	call	0xc64	; 0xc64 <GIE_Enable>

	/* Initial State */
	HAL_LED_voidOff(LAMP_PORT, LAMP_PIN);
     14e:	60 e0       	ldi	r22, 0x00	; 0
     150:	81 e0       	ldi	r24, 0x01	; 1
     152:	0e 94 c2 03 	call	0x784	; 0x784 <HAL_LED_voidOff>
	lamp_state = 0;
     156:	10 92 5c 01 	sts	0x015C, r1	; 0x80015c <lamp_state>
	HAL_LED_voidOn(LED_GRN_PORT, LED_GRN_PIN);
     15a:	61 e0       	ldi	r22, 0x01	; 1
     15c:	81 e0       	ldi	r24, 0x01	; 1
     15e:	0e 94 be 03 	call	0x77c	; 0x77c <HAL_LED_voidOn>
	HAL_LED_voidOff(LED_RED_PORT, LED_RED_PIN);
     162:	62 e0       	ldi	r22, 0x02	; 2
     164:	81 e0       	ldi	r24, 0x01	; 1
     166:	0e 94 c2 03 	call	0x784	; 0x784 <HAL_LED_voidOff>
	buzzer_voidOff();
     16a:	0e 94 68 02 	call	0x4d0	; 0x4d0 <buzzer_voidOff>

	/* 4. Main Loop */
	while (1)
	{
		/* ==================== 1. FIRE / GAS ALARM ==================== */
		if (alarm_flag == 1)
     16e:	80 91 5d 01 	lds	r24, 0x015D	; 0x80015d <alarm_flag>
     172:	81 30       	cpi	r24, 0x01	; 1
     174:	09 f0       	breq	.+2      	; 0x178 <main+0xa8>
     176:	63 c0       	rjmp	.+198    	; 0x23e <main+0x16e>
		{
			if (DIO_voidGetBitValue(PORTD_ID, FIRE_INT_PIN) == PIN_HIGH)
     178:	62 e0       	ldi	r22, 0x02	; 2
     17a:	83 e0       	ldi	r24, 0x03	; 3
     17c:	0e 94 f3 04 	call	0x9e6	; 0x9e6 <DIO_voidGetBitValue>
     180:	81 30       	cpi	r24, 0x01	; 1
     182:	09 f0       	breq	.+2      	; 0x186 <main+0xb6>
     184:	45 c0       	rjmp	.+138    	; 0x210 <main+0x140>
			{
				HAL_LED_voidOff(LED_GRN_PORT, LED_GRN_PIN);
     186:	61 e0       	ldi	r22, 0x01	; 1
     188:	0e 94 c2 03 	call	0x784	; 0x784 <HAL_LED_voidOff>
				HAL_LED_voidOn(LED_RED_PORT, LED_RED_PIN);
     18c:	62 e0       	ldi	r22, 0x02	; 2
     18e:	81 e0       	ldi	r24, 0x01	; 1
     190:	0e 94 be 03 	call	0x77c	; 0x77c <HAL_LED_voidOn>
				buzzer_voidOn();
     194:	0e 94 62 02 	call	0x4c4	; 0x4c4 <buzzer_voidOn>

				TIMER0_SetCompareValue(0);
     198:	80 e0       	ldi	r24, 0x00	; 0
     19a:	0e 94 57 06 	call	0xcae	; 0xcae <TIMER0_SetCompareValue>
				HAL_LED_voidOff(LAMP_PORT, LAMP_PIN);
     19e:	60 e0       	ldi	r22, 0x00	; 0
     1a0:	81 e0       	ldi	r24, 0x01	; 1
     1a2:	0e 94 c2 03 	call	0x784	; 0x784 <HAL_LED_voidOff>
				lamp_state = 0;
     1a6:	10 92 5c 01 	sts	0x015C, r1	; 0x80015c <lamp_state>

				if (alarm_shown == 0)
     1aa:	80 91 5b 01 	lds	r24, 0x015B	; 0x80015b <alarm_shown.1869>
     1ae:	81 11       	cpse	r24, r1
     1b0:	25 c0       	rjmp	.+74     	; 0x1fc <main+0x12c>
				{
					HLCD_voidClearLCD();
     1b2:	0e 94 89 03 	call	0x712	; 0x712 <HLCD_voidClearLCD>
					Lcd_Goto_Row_Column(0, 0);
     1b6:	60 e0       	ldi	r22, 0x00	; 0
     1b8:	80 e0       	ldi	r24, 0x00	; 0
     1ba:	0e 94 0d 03 	call	0x61a	; 0x61a <Lcd_Goto_Row_Column>
					Lcd_DisplayStr((u8*)"* EMERGENCY!  * ");
     1be:	84 e6       	ldi	r24, 0x64	; 100
     1c0:	90 e0       	ldi	r25, 0x00	; 0
     1c2:	0e 94 7c 03 	call	0x6f8	; 0x6f8 <Lcd_DisplayStr>
					Lcd_Goto_Row_Column(1, 0);
     1c6:	60 e0       	ldi	r22, 0x00	; 0
     1c8:	81 e0       	ldi	r24, 0x01	; 1
     1ca:	0e 94 0d 03 	call	0x61a	; 0x61a <Lcd_Goto_Row_Column>
					Lcd_DisplayStr((u8*)"  ALARM TRIGGERED!  ");
     1ce:	85 e7       	ldi	r24, 0x75	; 117
     1d0:	90 e0       	ldi	r25, 0x00	; 0
     1d2:	0e 94 7c 03 	call	0x6f8	; 0x6f8 <Lcd_DisplayStr>
					Lcd_Goto_Row_Column(2, 0);
     1d6:	60 e0       	ldi	r22, 0x00	; 0
     1d8:	82 e0       	ldi	r24, 0x02	; 2
     1da:	0e 94 0d 03 	call	0x61a	; 0x61a <Lcd_Goto_Row_Column>
					Lcd_DisplayStr((u8*)"FIRE / GAS DETECTED ");
     1de:	8a e8       	ldi	r24, 0x8A	; 138
     1e0:	90 e0       	ldi	r25, 0x00	; 0
     1e2:	0e 94 7c 03 	call	0x6f8	; 0x6f8 <Lcd_DisplayStr>
					Lcd_Goto_Row_Column(3, 0);
     1e6:	60 e0       	ldi	r22, 0x00	; 0
     1e8:	83 e0       	ldi	r24, 0x03	; 3
     1ea:	0e 94 0d 03 	call	0x61a	; 0x61a <Lcd_Goto_Row_Column>
					Lcd_DisplayStr((u8*)"EVACUATE THE AREA!  ");
     1ee:	8f e9       	ldi	r24, 0x9F	; 159
     1f0:	90 e0       	ldi	r25, 0x00	; 0
     1f2:	0e 94 7c 03 	call	0x6f8	; 0x6f8 <Lcd_DisplayStr>
					alarm_shown = 1;
     1f6:	81 e0       	ldi	r24, 0x01	; 1
     1f8:	80 93 5b 01 	sts	0x015B, r24	; 0x80015b <alarm_shown.1869>
	#else
		//round up by default
		__ticks_dc = (uint32_t)(ceil(fabs(__tmp)));
	#endif

	__builtin_avr_delay_cycles(__ticks_dc);
     1fc:	2f e7       	ldi	r18, 0x7F	; 127
     1fe:	88 e3       	ldi	r24, 0x38	; 56
     200:	91 e0       	ldi	r25, 0x01	; 1
     202:	21 50       	subi	r18, 0x01	; 1
     204:	80 40       	sbci	r24, 0x00	; 0
     206:	90 40       	sbci	r25, 0x00	; 0
     208:	e1 f7       	brne	.-8      	; 0x202 <main+0x132>
     20a:	00 c0       	rjmp	.+0      	; 0x20c <main+0x13c>
     20c:	00 00       	nop
				}

				_delay_ms(50);
				continue;
     20e:	af cf       	rjmp	.-162    	; 0x16e <main+0x9e>
			}
			else
			{
				alarm_flag  = 0;
     210:	10 92 5d 01 	sts	0x015D, r1	; 0x80015d <alarm_flag>
				alarm_shown = 0;
     214:	10 92 5b 01 	sts	0x015B, r1	; 0x80015b <alarm_shown.1869>

				HAL_LED_voidOn(LED_GRN_PORT, LED_GRN_PIN);
     218:	61 e0       	ldi	r22, 0x01	; 1
     21a:	81 e0       	ldi	r24, 0x01	; 1
     21c:	0e 94 be 03 	call	0x77c	; 0x77c <HAL_LED_voidOn>
				HAL_LED_voidOff(LED_RED_PORT, LED_RED_PIN);
     220:	62 e0       	ldi	r22, 0x02	; 2
     222:	81 e0       	ldi	r24, 0x01	; 1
     224:	0e 94 c2 03 	call	0x784	; 0x784 <HAL_LED_voidOff>
				buzzer_voidOff();
     228:	0e 94 68 02 	call	0x4d0	; 0x4d0 <buzzer_voidOff>

				HLCD_voidClearLCD();
     22c:	0e 94 89 03 	call	0x712	; 0x712 <HLCD_voidClearLCD>
				prev_temp = 0xFF;
     230:	8f ef       	ldi	r24, 0xFF	; 255
     232:	80 93 63 00 	sts	0x0063, r24	; 0x800063 <prev_temp.1865>
				prev_mode = 0xFF;
     236:	80 93 62 00 	sts	0x0062, r24	; 0x800062 <prev_mode.1866>
				prev_rain = 0xFF;
     23a:	80 93 61 00 	sts	0x0061, r24	; 0x800061 <prev_rain.1868>
			}
		}

		/* ==================== 2. FAN SPEED (PWM) ==================== */
		temp = Get_Temp();
     23e:	0e 94 54 00 	call	0xa8	; 0xa8 <Get_Temp>
     242:	c8 2f       	mov	r28, r24

		if (temp < 20)          TIMER0_SetCompareValue(0);       /* OFF */
     244:	84 31       	cpi	r24, 0x14	; 20
     246:	20 f4       	brcc	.+8      	; 0x250 <main+0x180>
     248:	80 e0       	ldi	r24, 0x00	; 0
     24a:	0e 94 57 06 	call	0xcae	; 0xcae <TIMER0_SetCompareValue>
     24e:	0f c0       	rjmp	.+30     	; 0x26e <main+0x19e>
		else if (temp < 30)     TIMER0_SetCompareValue(102);     /* 40% */
     250:	8e 31       	cpi	r24, 0x1E	; 30
     252:	20 f4       	brcc	.+8      	; 0x25c <main+0x18c>
     254:	86 e6       	ldi	r24, 0x66	; 102
     256:	0e 94 57 06 	call	0xcae	; 0xcae <TIMER0_SetCompareValue>
     25a:	09 c0       	rjmp	.+18     	; 0x26e <main+0x19e>
		else if (temp < 40)     TIMER0_SetCompareValue(179);     /* 70% */
     25c:	88 32       	cpi	r24, 0x28	; 40
     25e:	20 f4       	brcc	.+8      	; 0x268 <main+0x198>
     260:	83 eb       	ldi	r24, 0xB3	; 179
     262:	0e 94 57 06 	call	0xcae	; 0xcae <TIMER0_SetCompareValue>
     266:	03 c0       	rjmp	.+6      	; 0x26e <main+0x19e>
		else                    TIMER0_SetCompareValue(255);     /* 100% */
     268:	8f ef       	ldi	r24, 0xFF	; 255
     26a:	0e 94 57 06 	call	0xcae	; 0xcae <TIMER0_SetCompareValue>

		/* ==================== 3. LIGHT MODES ==================== */
		ldr_val = ADC_Read(LDR_CHANNEL);
     26e:	81 e0       	ldi	r24, 0x01	; 1
     270:	0e 94 4d 00 	call	0x9a	; 0x9a <ADC_Read>
     274:	7c 01       	movw	r14, r24

		/* Mode 1: Manual */
		if (DIO_voidGetBitValue(PORTA_ID, SW_MANUAL_PIN) == PIN_HIGH)
     276:	62 e0       	ldi	r22, 0x02	; 2
     278:	80 e0       	ldi	r24, 0x00	; 0
     27a:	0e 94 f3 04 	call	0x9e6	; 0x9e6 <DIO_voidGetBitValue>
     27e:	81 30       	cpi	r24, 0x01	; 1
     280:	51 f5       	brne	.+84     	; 0x2d6 <main+0x206>
		{
			mode = 1;
			u8 btn = DIO_voidGetBitValue(PORTA_ID, BTN_MANUAL_PIN);
     282:	65 e0       	ldi	r22, 0x05	; 5
     284:	80 e0       	ldi	r24, 0x00	; 0
     286:	0e 94 f3 04 	call	0x9e6	; 0x9e6 <DIO_voidGetBitValue>

			if (btn == PIN_HIGH && prev_btn == 0)
     28a:	81 30       	cpi	r24, 0x01	; 1
     28c:	f1 f4       	brne	.+60     	; 0x2ca <main+0x1fa>
     28e:	90 91 5a 01 	lds	r25, 0x015A	; 0x80015a <__data_end>
     292:	91 11       	cpse	r25, r1
     294:	1a c0       	rjmp	.+52     	; 0x2ca <main+0x1fa>
     296:	8f e3       	ldi	r24, 0x3F	; 63
     298:	9c e9       	ldi	r25, 0x9C	; 156
     29a:	01 97       	sbiw	r24, 0x01	; 1
     29c:	f1 f7       	brne	.-4      	; 0x29a <main+0x1ca>
     29e:	00 c0       	rjmp	.+0      	; 0x2a0 <main+0x1d0>
     2a0:	00 00       	nop
			{
				_delay_ms(20);
				if (DIO_voidGetBitValue(PORTA_ID, BTN_MANUAL_PIN) == PIN_HIGH)
     2a2:	65 e0       	ldi	r22, 0x05	; 5
     2a4:	80 e0       	ldi	r24, 0x00	; 0
     2a6:	0e 94 f3 04 	call	0x9e6	; 0x9e6 <DIO_voidGetBitValue>
     2aa:	81 30       	cpi	r24, 0x01	; 1
     2ac:	49 f4       	brne	.+18     	; 0x2c0 <main+0x1f0>
				{
					HAL_LED_voidToggle(LAMP_PORT, LAMP_PIN);
     2ae:	60 e0       	ldi	r22, 0x00	; 0
     2b0:	0e 94 c6 03 	call	0x78c	; 0x78c <HAL_LED_voidToggle>
					lamp_state ^= 1;
     2b4:	90 91 5c 01 	lds	r25, 0x015C	; 0x80015c <lamp_state>
     2b8:	81 e0       	ldi	r24, 0x01	; 1
     2ba:	89 27       	eor	r24, r25
     2bc:	80 93 5c 01 	sts	0x015C, r24	; 0x80015c <lamp_state>
				}
				prev_btn = 1;
     2c0:	81 e0       	ldi	r24, 0x01	; 1
     2c2:	80 93 5a 01 	sts	0x015A, r24	; 0x80015a <__data_end>
		ldr_val = ADC_Read(LDR_CHANNEL);

		/* Mode 1: Manual */
		if (DIO_voidGetBitValue(PORTA_ID, SW_MANUAL_PIN) == PIN_HIGH)
		{
			mode = 1;
     2c6:	d1 e0       	ldi	r29, 0x01	; 1
				if (DIO_voidGetBitValue(PORTA_ID, BTN_MANUAL_PIN) == PIN_HIGH)
				{
					HAL_LED_voidToggle(LAMP_PORT, LAMP_PIN);
					lamp_state ^= 1;
				}
				prev_btn = 1;
     2c8:	55 c0       	rjmp	.+170    	; 0x374 <main+0x2a4>
			}
			else if (btn == PIN_LOW)
     2ca:	81 11       	cpse	r24, r1
     2cc:	4e c0       	rjmp	.+156    	; 0x36a <main+0x29a>
			{
				prev_btn = 0;
     2ce:	10 92 5a 01 	sts	0x015A, r1	; 0x80015a <__data_end>
		ldr_val = ADC_Read(LDR_CHANNEL);

		/* Mode 1: Manual */
		if (DIO_voidGetBitValue(PORTA_ID, SW_MANUAL_PIN) == PIN_HIGH)
		{
			mode = 1;
     2d2:	d1 e0       	ldi	r29, 0x01	; 1
     2d4:	4f c0       	rjmp	.+158    	; 0x374 <main+0x2a4>
			{
				prev_btn = 0;
			}
		}
		/* Mode 2: Bluetooth */
		else if (DIO_voidGetBitValue(PORTA_ID, SW_BT_PIN) == PIN_HIGH)
     2d6:	63 e0       	ldi	r22, 0x03	; 3
     2d8:	80 e0       	ldi	r24, 0x00	; 0
     2da:	0e 94 f3 04 	call	0x9e6	; 0x9e6 <DIO_voidGetBitValue>
     2de:	81 30       	cpi	r24, 0x01	; 1
     2e0:	09 f5       	brne	.+66     	; 0x324 <main+0x254>
		{
			mode = 2;
			if (GET_BIT(UCSRA, 7) == 1)
     2e2:	5f 9b       	sbis	0x0b, 7	; 11
     2e4:	44 c0       	rjmp	.+136    	; 0x36e <main+0x29e>
			{
				bt_cmd = USART_Receive();
     2e6:	0e 94 de 06 	call	0xdbc	; 0xdbc <USART_Receive>
				if (bt_cmd == '1' || bt_cmd == 'O' || bt_cmd == 'o')
     2ea:	81 33       	cpi	r24, 0x31	; 49
     2ec:	21 f0       	breq	.+8      	; 0x2f6 <main+0x226>
     2ee:	8f 34       	cpi	r24, 0x4F	; 79
     2f0:	11 f0       	breq	.+4      	; 0x2f6 <main+0x226>
     2f2:	8f 36       	cpi	r24, 0x6F	; 111
     2f4:	49 f4       	brne	.+18     	; 0x308 <main+0x238>
				{
					HAL_LED_voidOn(LAMP_PORT, LAMP_PIN);
     2f6:	60 e0       	ldi	r22, 0x00	; 0
     2f8:	81 e0       	ldi	r24, 0x01	; 1
     2fa:	0e 94 be 03 	call	0x77c	; 0x77c <HAL_LED_voidOn>
					lamp_state = 1;
     2fe:	81 e0       	ldi	r24, 0x01	; 1
     300:	80 93 5c 01 	sts	0x015C, r24	; 0x80015c <lamp_state>
			}
		}
		/* Mode 2: Bluetooth */
		else if (DIO_voidGetBitValue(PORTA_ID, SW_BT_PIN) == PIN_HIGH)
		{
			mode = 2;
     304:	d2 e0       	ldi	r29, 0x02	; 2
			{
				bt_cmd = USART_Receive();
				if (bt_cmd == '1' || bt_cmd == 'O' || bt_cmd == 'o')
				{
					HAL_LED_voidOn(LAMP_PORT, LAMP_PIN);
					lamp_state = 1;
     306:	36 c0       	rjmp	.+108    	; 0x374 <main+0x2a4>
				}
				else if (bt_cmd == '0' || bt_cmd == 'F' || bt_cmd == 'f')
     308:	80 33       	cpi	r24, 0x30	; 48
     30a:	21 f0       	breq	.+8      	; 0x314 <main+0x244>
     30c:	86 34       	cpi	r24, 0x46	; 70
     30e:	11 f0       	breq	.+4      	; 0x314 <main+0x244>
     310:	86 36       	cpi	r24, 0x66	; 102
     312:	79 f5       	brne	.+94     	; 0x372 <main+0x2a2>
				{
					HAL_LED_voidOff(LAMP_PORT, LAMP_PIN);
     314:	60 e0       	ldi	r22, 0x00	; 0
     316:	81 e0       	ldi	r24, 0x01	; 1
     318:	0e 94 c2 03 	call	0x784	; 0x784 <HAL_LED_voidOff>
					lamp_state = 0;
     31c:	10 92 5c 01 	sts	0x015C, r1	; 0x80015c <lamp_state>
			}
		}
		/* Mode 2: Bluetooth */
		else if (DIO_voidGetBitValue(PORTA_ID, SW_BT_PIN) == PIN_HIGH)
		{
			mode = 2;
     320:	d2 e0       	ldi	r29, 0x02	; 2
     322:	28 c0       	rjmp	.+80     	; 0x374 <main+0x2a4>
					lamp_state = 0;
				}
			}
		}
		/* Mode 3: Torch LDR */
		else if (DIO_voidGetBitValue(PORTA_ID, SW_LDR_PIN) == PIN_HIGH)
     324:	64 e0       	ldi	r22, 0x04	; 4
     326:	80 e0       	ldi	r24, 0x00	; 0
     328:	0e 94 f3 04 	call	0x9e6	; 0x9e6 <DIO_voidGetBitValue>
     32c:	81 30       	cpi	r24, 0x01	; 1
     32e:	a9 f4       	brne	.+42     	; 0x35a <main+0x28a>
		{
			mode = 3;
			if (ldr_val > LDR_THRESHOLD)
     330:	95 ef       	ldi	r25, 0xF5	; 245
     332:	e9 16       	cp	r14, r25
     334:	91 e0       	ldi	r25, 0x01	; 1
     336:	f9 06       	cpc	r15, r25
     338:	38 f0       	brcs	.+14     	; 0x348 <main+0x278>
			{
				HAL_LED_voidOff(LAMP_PORT, LAMP_PIN);
     33a:	60 e0       	ldi	r22, 0x00	; 0
     33c:	0e 94 c2 03 	call	0x784	; 0x784 <HAL_LED_voidOff>
				lamp_state = 0;
     340:	10 92 5c 01 	sts	0x015C, r1	; 0x80015c <lamp_state>
			}
		}
		/* Mode 3: Torch LDR */
		else if (DIO_voidGetBitValue(PORTA_ID, SW_LDR_PIN) == PIN_HIGH)
		{
			mode = 3;
     344:	d3 e0       	ldi	r29, 0x03	; 3
     346:	16 c0       	rjmp	.+44     	; 0x374 <main+0x2a4>
				HAL_LED_voidOff(LAMP_PORT, LAMP_PIN);
				lamp_state = 0;
			}
			else
			{
				HAL_LED_voidOn(LAMP_PORT, LAMP_PIN);
     348:	60 e0       	ldi	r22, 0x00	; 0
     34a:	81 e0       	ldi	r24, 0x01	; 1
     34c:	0e 94 be 03 	call	0x77c	; 0x77c <HAL_LED_voidOn>
				lamp_state = 1;
     350:	81 e0       	ldi	r24, 0x01	; 1
     352:	80 93 5c 01 	sts	0x015C, r24	; 0x80015c <lamp_state>
			}
		}
		/* Mode 3: Torch LDR */
		else if (DIO_voidGetBitValue(PORTA_ID, SW_LDR_PIN) == PIN_HIGH)
		{
			mode = 3;
     356:	d3 e0       	ldi	r29, 0x03	; 3
     358:	0d c0       	rjmp	.+26     	; 0x374 <main+0x2a4>
		}
		/* Mode 0: Idle */
		else
		{
			mode = 0;
			HAL_LED_voidOff(LAMP_PORT, LAMP_PIN);
     35a:	60 e0       	ldi	r22, 0x00	; 0
     35c:	81 e0       	ldi	r24, 0x01	; 1
     35e:	0e 94 c2 03 	call	0x784	; 0x784 <HAL_LED_voidOff>
			lamp_state = 0;
     362:	10 92 5c 01 	sts	0x015C, r1	; 0x80015c <lamp_state>
			}
		}
		/* Mode 0: Idle */
		else
		{
			mode = 0;
     366:	d0 e0       	ldi	r29, 0x00	; 0
     368:	05 c0       	rjmp	.+10     	; 0x374 <main+0x2a4>
		ldr_val = ADC_Read(LDR_CHANNEL);

		/* Mode 1: Manual */
		if (DIO_voidGetBitValue(PORTA_ID, SW_MANUAL_PIN) == PIN_HIGH)
		{
			mode = 1;
     36a:	d1 e0       	ldi	r29, 0x01	; 1
     36c:	03 c0       	rjmp	.+6      	; 0x374 <main+0x2a4>
			}
		}
		/* Mode 2: Bluetooth */
		else if (DIO_voidGetBitValue(PORTA_ID, SW_BT_PIN) == PIN_HIGH)
		{
			mode = 2;
     36e:	d2 e0       	ldi	r29, 0x02	; 2
     370:	01 c0       	rjmp	.+2      	; 0x374 <main+0x2a4>
     372:	d2 e0       	ldi	r29, 0x02	; 2
			HAL_LED_voidOff(LAMP_PORT, LAMP_PIN);
			lamp_state = 0;
		}

		/* ==================== 4. RAIN & LCD DISPLAY ==================== */
		rain_val = DIO_voidGetBitValue(PORTA_ID, RAIN_PIN);
     374:	66 e0       	ldi	r22, 0x06	; 6
     376:	80 e0       	ldi	r24, 0x00	; 0
     378:	0e 94 f3 04 	call	0x9e6	; 0x9e6 <DIO_voidGetBitValue>
     37c:	18 2f       	mov	r17, r24

		if (temp != prev_temp || mode != prev_mode || lamp_state != prev_lamp || rain_val != prev_rain)
     37e:	80 91 63 00 	lds	r24, 0x0063	; 0x800063 <prev_temp.1865>
     382:	c8 13       	cpse	r28, r24
     384:	0f c0       	rjmp	.+30     	; 0x3a4 <main+0x2d4>
     386:	80 91 62 00 	lds	r24, 0x0062	; 0x800062 <prev_mode.1866>
     38a:	d8 13       	cpse	r29, r24
     38c:	0b c0       	rjmp	.+22     	; 0x3a4 <main+0x2d4>
     38e:	90 91 5c 01 	lds	r25, 0x015C	; 0x80015c <lamp_state>
     392:	80 91 60 00 	lds	r24, 0x0060	; 0x800060 <__DATA_REGION_ORIGIN__>
     396:	98 13       	cpse	r25, r24
     398:	05 c0       	rjmp	.+10     	; 0x3a4 <main+0x2d4>
     39a:	80 91 61 00 	lds	r24, 0x0061	; 0x800061 <prev_rain.1868>
     39e:	18 17       	cp	r17, r24
     3a0:	09 f4       	brne	.+2      	; 0x3a4 <main+0x2d4>
     3a2:	83 c0       	rjmp	.+262    	; 0x4aa <__EEPROM_REGION_LENGTH__+0xaa>
		{
			Lcd_Goto_Row_Column(0, 0);
     3a4:	60 e0       	ldi	r22, 0x00	; 0
     3a6:	80 e0       	ldi	r24, 0x00	; 0
     3a8:	0e 94 0d 03 	call	0x61a	; 0x61a <Lcd_Goto_Row_Column>
			Lcd_DisplayStr((u8*)"T:");
     3ac:	84 eb       	ldi	r24, 0xB4	; 180
     3ae:	90 e0       	ldi	r25, 0x00	; 0
     3b0:	0e 94 7c 03 	call	0x6f8	; 0x6f8 <Lcd_DisplayStr>
			Lcd_Displaynum(temp);
     3b4:	8c 2f       	mov	r24, r28
     3b6:	90 e0       	ldi	r25, 0x00	; 0
     3b8:	0e 94 8d 03 	call	0x71a	; 0x71a <Lcd_Displaynum>
			Lcd_DisplayStr((u8*)"C ");
     3bc:	87 eb       	ldi	r24, 0xB7	; 183
     3be:	90 e0       	ldi	r25, 0x00	; 0
     3c0:	0e 94 7c 03 	call	0x6f8	; 0x6f8 <Lcd_DisplayStr>

			Lcd_Goto_Row_Column(0, 8);
     3c4:	68 e0       	ldi	r22, 0x08	; 8
     3c6:	80 e0       	ldi	r24, 0x00	; 0
     3c8:	0e 94 0d 03 	call	0x61a	; 0x61a <Lcd_Goto_Row_Column>
			if (temp < 20)          Lcd_DisplayStr((u8*)"Fan: OFF");
     3cc:	c4 31       	cpi	r28, 0x14	; 20
     3ce:	28 f4       	brcc	.+10     	; 0x3da <main+0x30a>
     3d0:	8a eb       	ldi	r24, 0xBA	; 186
     3d2:	90 e0       	ldi	r25, 0x00	; 0
     3d4:	0e 94 7c 03 	call	0x6f8	; 0x6f8 <Lcd_DisplayStr>
     3d8:	12 c0       	rjmp	.+36     	; 0x3fe <main+0x32e>
			else if (temp < 30)     Lcd_DisplayStr((u8*)"Fan: 40%");
     3da:	ce 31       	cpi	r28, 0x1E	; 30
     3dc:	28 f4       	brcc	.+10     	; 0x3e8 <main+0x318>
     3de:	83 ec       	ldi	r24, 0xC3	; 195
     3e0:	90 e0       	ldi	r25, 0x00	; 0
     3e2:	0e 94 7c 03 	call	0x6f8	; 0x6f8 <Lcd_DisplayStr>
     3e6:	0b c0       	rjmp	.+22     	; 0x3fe <main+0x32e>
			else if (temp < 40)     Lcd_DisplayStr((u8*)"Fan: 70%");
     3e8:	c8 32       	cpi	r28, 0x28	; 40
     3ea:	28 f4       	brcc	.+10     	; 0x3f6 <main+0x326>
     3ec:	8c ec       	ldi	r24, 0xCC	; 204
     3ee:	90 e0       	ldi	r25, 0x00	; 0
     3f0:	0e 94 7c 03 	call	0x6f8	; 0x6f8 <Lcd_DisplayStr>
     3f4:	04 c0       	rjmp	.+8      	; 0x3fe <main+0x32e>
			else                    Lcd_DisplayStr((u8*)"Fan:100%");
     3f6:	85 ed       	ldi	r24, 0xD5	; 213
     3f8:	90 e0       	ldi	r25, 0x00	; 0
     3fa:	0e 94 7c 03 	call	0x6f8	; 0x6f8 <Lcd_DisplayStr>

			Lcd_Goto_Row_Column(1, 0);
     3fe:	60 e0       	ldi	r22, 0x00	; 0
     400:	81 e0       	ldi	r24, 0x01	; 1
     402:	0e 94 0d 03 	call	0x61a	; 0x61a <Lcd_Goto_Row_Column>
			if (mode == 1)      Lcd_DisplayStr((u8*)"Mode: Manual SW ");
     406:	d1 30       	cpi	r29, 0x01	; 1
     408:	29 f4       	brne	.+10     	; 0x414 <__EEPROM_REGION_LENGTH__+0x14>
     40a:	8e ed       	ldi	r24, 0xDE	; 222
     40c:	90 e0       	ldi	r25, 0x00	; 0
     40e:	0e 94 7c 03 	call	0x6f8	; 0x6f8 <Lcd_DisplayStr>
     412:	12 c0       	rjmp	.+36     	; 0x438 <__EEPROM_REGION_LENGTH__+0x38>
			else if (mode == 2) Lcd_DisplayStr((u8*)"Mode: BT Control");
     414:	d2 30       	cpi	r29, 0x02	; 2
     416:	29 f4       	brne	.+10     	; 0x422 <__EEPROM_REGION_LENGTH__+0x22>
     418:	8f ee       	ldi	r24, 0xEF	; 239
     41a:	90 e0       	ldi	r25, 0x00	; 0
     41c:	0e 94 7c 03 	call	0x6f8	; 0x6f8 <Lcd_DisplayStr>
     420:	0b c0       	rjmp	.+22     	; 0x438 <__EEPROM_REGION_LENGTH__+0x38>
			else if (mode == 3) Lcd_DisplayStr((u8*)"Mode: Torch LDR ");
     422:	d3 30       	cpi	r29, 0x03	; 3
     424:	29 f4       	brne	.+10     	; 0x430 <__EEPROM_REGION_LENGTH__+0x30>
     426:	80 e0       	ldi	r24, 0x00	; 0
     428:	91 e0       	ldi	r25, 0x01	; 1
     42a:	0e 94 7c 03 	call	0x6f8	; 0x6f8 <Lcd_DisplayStr>
     42e:	04 c0       	rjmp	.+8      	; 0x438 <__EEPROM_REGION_LENGTH__+0x38>
			else                Lcd_DisplayStr((u8*)"Mode: Standby   ");
     430:	81 e1       	ldi	r24, 0x11	; 17
     432:	91 e0       	ldi	r25, 0x01	; 1
     434:	0e 94 7c 03 	call	0x6f8	; 0x6f8 <Lcd_DisplayStr>

			Lcd_Goto_Row_Column(2, 0);
     438:	60 e0       	ldi	r22, 0x00	; 0
     43a:	82 e0       	ldi	r24, 0x02	; 2
     43c:	0e 94 0d 03 	call	0x61a	; 0x61a <Lcd_Goto_Row_Column>
			if (lamp_state == 1) Lcd_DisplayStr((u8*)"L:ON  ");
     440:	80 91 5c 01 	lds	r24, 0x015C	; 0x80015c <lamp_state>
     444:	81 30       	cpi	r24, 0x01	; 1
     446:	29 f4       	brne	.+10     	; 0x452 <__EEPROM_REGION_LENGTH__+0x52>
     448:	82 e2       	ldi	r24, 0x22	; 34
     44a:	91 e0       	ldi	r25, 0x01	; 1
     44c:	0e 94 7c 03 	call	0x6f8	; 0x6f8 <Lcd_DisplayStr>
     450:	04 c0       	rjmp	.+8      	; 0x45a <__EEPROM_REGION_LENGTH__+0x5a>
			else                 Lcd_DisplayStr((u8*)"L:OFF ");
     452:	89 e2       	ldi	r24, 0x29	; 41
     454:	91 e0       	ldi	r25, 0x01	; 1
     456:	0e 94 7c 03 	call	0x6f8	; 0x6f8 <Lcd_DisplayStr>

			Lcd_Goto_Row_Column(2, 7);
     45a:	67 e0       	ldi	r22, 0x07	; 7
     45c:	82 e0       	ldi	r24, 0x02	; 2
     45e:	0e 94 0d 03 	call	0x61a	; 0x61a <Lcd_Goto_Row_Column>
			Lcd_DisplayStr((u8*)"LDR:");
     462:	80 e3       	ldi	r24, 0x30	; 48
     464:	91 e0       	ldi	r25, 0x01	; 1
     466:	0e 94 7c 03 	call	0x6f8	; 0x6f8 <Lcd_DisplayStr>
			Lcd_Displaynum(ldr_val);
     46a:	c7 01       	movw	r24, r14
     46c:	0e 94 8d 03 	call	0x71a	; 0x71a <Lcd_Displaynum>
			Lcd_DisplayStr((u8*)"   ");
     470:	8e e1       	ldi	r24, 0x1E	; 30
     472:	91 e0       	ldi	r25, 0x01	; 1
     474:	0e 94 7c 03 	call	0x6f8	; 0x6f8 <Lcd_DisplayStr>

			Lcd_Goto_Row_Column(3, 0);
     478:	60 e0       	ldi	r22, 0x00	; 0
     47a:	83 e0       	ldi	r24, 0x03	; 3
     47c:	0e 94 0d 03 	call	0x61a	; 0x61a <Lcd_Goto_Row_Column>
			if (rain_val == PIN_HIGH)
     480:	11 30       	cpi	r17, 0x01	; 1
     482:	29 f4       	brne	.+10     	; 0x48e <__EEPROM_REGION_LENGTH__+0x8e>
			{
				Lcd_DisplayStr((u8*)"Rain: Raining!  ");
     484:	85 e3       	ldi	r24, 0x35	; 53
     486:	91 e0       	ldi	r25, 0x01	; 1
     488:	0e 94 7c 03 	call	0x6f8	; 0x6f8 <Lcd_DisplayStr>
     48c:	04 c0       	rjmp	.+8      	; 0x496 <__EEPROM_REGION_LENGTH__+0x96>
			}
			else
			{
				Lcd_DisplayStr((u8*)"Weather: Clear  ");
     48e:	86 e4       	ldi	r24, 0x46	; 70
     490:	91 e0       	ldi	r25, 0x01	; 1
     492:	0e 94 7c 03 	call	0x6f8	; 0x6f8 <Lcd_DisplayStr>
			}

			prev_temp = temp;
     496:	c0 93 63 00 	sts	0x0063, r28	; 0x800063 <prev_temp.1865>
			prev_mode = mode;
     49a:	d0 93 62 00 	sts	0x0062, r29	; 0x800062 <prev_mode.1866>
			prev_lamp = lamp_state;
     49e:	80 91 5c 01 	lds	r24, 0x015C	; 0x80015c <lamp_state>
     4a2:	80 93 60 00 	sts	0x0060, r24	; 0x800060 <__DATA_REGION_ORIGIN__>
			prev_rain = rain_val;
     4a6:	10 93 61 00 	sts	0x0061, r17	; 0x800061 <prev_rain.1868>
     4aa:	8f e2       	ldi	r24, 0x2F	; 47
     4ac:	95 e7       	ldi	r25, 0x75	; 117
     4ae:	01 97       	sbiw	r24, 0x01	; 1
     4b0:	f1 f7       	brne	.-4      	; 0x4ae <__EEPROM_REGION_LENGTH__+0xae>
     4b2:	00 c0       	rjmp	.+0      	; 0x4b4 <__EEPROM_REGION_LENGTH__+0xb4>
     4b4:	00 00       	nop
     4b6:	5b ce       	rjmp	.-842    	; 0x16e <main+0x9e>

000004b8 <buzzer_voidInit>:
#include "buzzer_config.h"
#include "buzzer_inteface.h"

void buzzer_voidInit(void)
{
    DIO_voidSetPinDirection(BUZZER_PORT, BUZZER_PIN, PIN_OUTPUT);
     4b8:	41 e0       	ldi	r20, 0x01	; 1
     4ba:	64 e0       	ldi	r22, 0x04	; 4
     4bc:	81 e0       	ldi	r24, 0x01	; 1
     4be:	0e 94 0d 04 	call	0x81a	; 0x81a <DIO_voidSetPinDirection>
     4c2:	08 95       	ret

000004c4 <buzzer_voidOn>:
}

void buzzer_voidOn(void)
{
    DIO_voidSetPinValue(BUZZER_PORT, BUZZER_PIN, PIN_HIGH);
     4c4:	41 e0       	ldi	r20, 0x01	; 1
     4c6:	64 e0       	ldi	r22, 0x04	; 4
     4c8:	81 e0       	ldi	r24, 0x01	; 1
     4ca:	0e 94 80 04 	call	0x900	; 0x900 <DIO_voidSetPinValue>
     4ce:	08 95       	ret

000004d0 <buzzer_voidOff>:
}

void buzzer_voidOff(void)
{
    DIO_voidSetPinValue(BUZZER_PORT, BUZZER_PIN, PIN_LOW);
     4d0:	40 e0       	ldi	r20, 0x00	; 0
     4d2:	64 e0       	ldi	r22, 0x04	; 4
     4d4:	81 e0       	ldi	r24, 0x01	; 1
     4d6:	0e 94 80 04 	call	0x900	; 0x900 <DIO_voidSetPinValue>
     4da:	08 95       	ret

000004dc <Enable_Pulse>:
	
	
	 void HLCD_voidReturnHome(void)
	 {
		 /*send Return home instruction*/
		 Lcd_SendCmd(_LCD_RETURN_HOME);
     4dc:	41 e0       	ldi	r20, 0x01	; 1
     4de:	61 e0       	ldi	r22, 0x01	; 1
     4e0:	82 e0       	ldi	r24, 0x02	; 2
     4e2:	0e 94 80 04 	call	0x900	; 0x900 <DIO_voidSetPinValue>
     4e6:	82 e0       	ldi	r24, 0x02	; 2
     4e8:	8a 95       	dec	r24
     4ea:	f1 f7       	brne	.-4      	; 0x4e8 <Enable_Pulse+0xc>
     4ec:	00 c0       	rjmp	.+0      	; 0x4ee <Enable_Pulse+0x12>
     4ee:	40 e0       	ldi	r20, 0x00	; 0
     4f0:	61 e0       	ldi	r22, 0x01	; 1
     4f2:	82 e0       	ldi	r24, 0x02	; 2
     4f4:	0e 94 80 04 	call	0x900	; 0x900 <DIO_voidSetPinValue>
     4f8:	8f e9       	ldi	r24, 0x9F	; 159
     4fa:	9f e0       	ldi	r25, 0x0F	; 15
     4fc:	01 97       	sbiw	r24, 0x01	; 1
     4fe:	f1 f7       	brne	.-4      	; 0x4fc <Enable_Pulse+0x20>
     500:	00 c0       	rjmp	.+0      	; 0x502 <Enable_Pulse+0x26>
     502:	00 00       	nop
     504:	08 95       	ret

00000506 <Lcd_SendCmd>:
     506:	cf 93       	push	r28
     508:	c8 2f       	mov	r28, r24
     50a:	40 e0       	ldi	r20, 0x00	; 0
     50c:	60 e0       	ldi	r22, 0x00	; 0
     50e:	82 e0       	ldi	r24, 0x02	; 2
     510:	0e 94 80 04 	call	0x900	; 0x900 <DIO_voidSetPinValue>
     514:	4c 2f       	mov	r20, r28
     516:	44 1f       	adc	r20, r20
     518:	44 27       	eor	r20, r20
     51a:	44 1f       	adc	r20, r20
     51c:	65 e0       	ldi	r22, 0x05	; 5
     51e:	82 e0       	ldi	r24, 0x02	; 2
     520:	0e 94 80 04 	call	0x900	; 0x900 <DIO_voidSetPinValue>
     524:	c6 fb       	bst	r28, 6
     526:	44 27       	eor	r20, r20
     528:	40 f9       	bld	r20, 0
     52a:	64 e0       	ldi	r22, 0x04	; 4
     52c:	82 e0       	ldi	r24, 0x02	; 2
     52e:	0e 94 80 04 	call	0x900	; 0x900 <DIO_voidSetPinValue>
     532:	c5 fb       	bst	r28, 5
     534:	44 27       	eor	r20, r20
     536:	40 f9       	bld	r20, 0
     538:	63 e0       	ldi	r22, 0x03	; 3
     53a:	82 e0       	ldi	r24, 0x02	; 2
     53c:	0e 94 80 04 	call	0x900	; 0x900 <DIO_voidSetPinValue>
     540:	c4 fb       	bst	r28, 4
     542:	44 27       	eor	r20, r20
     544:	40 f9       	bld	r20, 0
     546:	62 e0       	ldi	r22, 0x02	; 2
     548:	82 e0       	ldi	r24, 0x02	; 2
     54a:	0e 94 80 04 	call	0x900	; 0x900 <DIO_voidSetPinValue>
     54e:	0e 94 6e 02 	call	0x4dc	; 0x4dc <Enable_Pulse>
     552:	c3 fb       	bst	r28, 3
     554:	44 27       	eor	r20, r20
     556:	40 f9       	bld	r20, 0
     558:	65 e0       	ldi	r22, 0x05	; 5
     55a:	82 e0       	ldi	r24, 0x02	; 2
     55c:	0e 94 80 04 	call	0x900	; 0x900 <DIO_voidSetPinValue>
     560:	c2 fb       	bst	r28, 2
     562:	44 27       	eor	r20, r20
     564:	40 f9       	bld	r20, 0
     566:	64 e0       	ldi	r22, 0x04	; 4
     568:	82 e0       	ldi	r24, 0x02	; 2
     56a:	0e 94 80 04 	call	0x900	; 0x900 <DIO_voidSetPinValue>
     56e:	c1 fb       	bst	r28, 1
     570:	44 27       	eor	r20, r20
     572:	40 f9       	bld	r20, 0
     574:	63 e0       	ldi	r22, 0x03	; 3
     576:	82 e0       	ldi	r24, 0x02	; 2
     578:	0e 94 80 04 	call	0x900	; 0x900 <DIO_voidSetPinValue>
     57c:	4c 2f       	mov	r20, r28
     57e:	41 70       	andi	r20, 0x01	; 1
     580:	62 e0       	ldi	r22, 0x02	; 2
     582:	82 e0       	ldi	r24, 0x02	; 2
     584:	0e 94 80 04 	call	0x900	; 0x900 <DIO_voidSetPinValue>
     588:	0e 94 6e 02 	call	0x4dc	; 0x4dc <Enable_Pulse>
     58c:	cf 91       	pop	r28
     58e:	08 95       	ret

00000590 <LCD_voidSenddata>:
     590:	cf 93       	push	r28
     592:	c8 2f       	mov	r28, r24
     594:	41 e0       	ldi	r20, 0x01	; 1
     596:	60 e0       	ldi	r22, 0x00	; 0
     598:	82 e0       	ldi	r24, 0x02	; 2
     59a:	0e 94 80 04 	call	0x900	; 0x900 <DIO_voidSetPinValue>
     59e:	c4 fb       	bst	r28, 4
     5a0:	44 27       	eor	r20, r20
     5a2:	40 f9       	bld	r20, 0
     5a4:	62 e0       	ldi	r22, 0x02	; 2
     5a6:	82 e0       	ldi	r24, 0x02	; 2
     5a8:	0e 94 80 04 	call	0x900	; 0x900 <DIO_voidSetPinValue>
     5ac:	c5 fb       	bst	r28, 5
     5ae:	44 27       	eor	r20, r20
     5b0:	40 f9       	bld	r20, 0
     5b2:	63 e0       	ldi	r22, 0x03	; 3
     5b4:	82 e0       	ldi	r24, 0x02	; 2
     5b6:	0e 94 80 04 	call	0x900	; 0x900 <DIO_voidSetPinValue>
     5ba:	c6 fb       	bst	r28, 6
     5bc:	44 27       	eor	r20, r20
     5be:	40 f9       	bld	r20, 0
     5c0:	64 e0       	ldi	r22, 0x04	; 4
     5c2:	82 e0       	ldi	r24, 0x02	; 2
     5c4:	0e 94 80 04 	call	0x900	; 0x900 <DIO_voidSetPinValue>
     5c8:	4c 2f       	mov	r20, r28
     5ca:	44 1f       	adc	r20, r20
     5cc:	44 27       	eor	r20, r20
     5ce:	44 1f       	adc	r20, r20
     5d0:	65 e0       	ldi	r22, 0x05	; 5
     5d2:	82 e0       	ldi	r24, 0x02	; 2
     5d4:	0e 94 80 04 	call	0x900	; 0x900 <DIO_voidSetPinValue>
     5d8:	0e 94 6e 02 	call	0x4dc	; 0x4dc <Enable_Pulse>
     5dc:	4c 2f       	mov	r20, r28
     5de:	41 70       	andi	r20, 0x01	; 1
     5e0:	62 e0       	ldi	r22, 0x02	; 2
     5e2:	82 e0       	ldi	r24, 0x02	; 2
     5e4:	0e 94 80 04 	call	0x900	; 0x900 <DIO_voidSetPinValue>
     5e8:	c1 fb       	bst	r28, 1
     5ea:	44 27       	eor	r20, r20
     5ec:	40 f9       	bld	r20, 0
     5ee:	63 e0       	ldi	r22, 0x03	; 3
     5f0:	82 e0       	ldi	r24, 0x02	; 2
     5f2:	0e 94 80 04 	call	0x900	; 0x900 <DIO_voidSetPinValue>
     5f6:	c2 fb       	bst	r28, 2
     5f8:	44 27       	eor	r20, r20
     5fa:	40 f9       	bld	r20, 0
     5fc:	64 e0       	ldi	r22, 0x04	; 4
     5fe:	82 e0       	ldi	r24, 0x02	; 2
     600:	0e 94 80 04 	call	0x900	; 0x900 <DIO_voidSetPinValue>
     604:	c3 fb       	bst	r28, 3
     606:	44 27       	eor	r20, r20
     608:	40 f9       	bld	r20, 0
     60a:	65 e0       	ldi	r22, 0x05	; 5
     60c:	82 e0       	ldi	r24, 0x02	; 2
     60e:	0e 94 80 04 	call	0x900	; 0x900 <DIO_voidSetPinValue>
     612:	0e 94 6e 02 	call	0x4dc	; 0x4dc <Enable_Pulse>
     616:	cf 91       	pop	r28
     618:	08 95       	ret

0000061a <Lcd_Goto_Row_Column>:
     61a:	81 30       	cpi	r24, 0x01	; 1
     61c:	59 f0       	breq	.+22     	; 0x634 <Lcd_Goto_Row_Column+0x1a>
     61e:	28 f0       	brcs	.+10     	; 0x62a <Lcd_Goto_Row_Column+0x10>
     620:	82 30       	cpi	r24, 0x02	; 2
     622:	69 f0       	breq	.+26     	; 0x63e <Lcd_Goto_Row_Column+0x24>
     624:	83 30       	cpi	r24, 0x03	; 3
     626:	81 f0       	breq	.+32     	; 0x648 <Lcd_Goto_Row_Column+0x2e>
     628:	08 95       	ret
     62a:	80 e8       	ldi	r24, 0x80	; 128
     62c:	86 0f       	add	r24, r22
     62e:	0e 94 83 02 	call	0x506	; 0x506 <Lcd_SendCmd>
     632:	08 95       	ret
     634:	80 ec       	ldi	r24, 0xC0	; 192
     636:	86 0f       	add	r24, r22
     638:	0e 94 83 02 	call	0x506	; 0x506 <Lcd_SendCmd>
     63c:	08 95       	ret
     63e:	84 e9       	ldi	r24, 0x94	; 148
     640:	86 0f       	add	r24, r22
     642:	0e 94 83 02 	call	0x506	; 0x506 <Lcd_SendCmd>
     646:	08 95       	ret
     648:	84 ed       	ldi	r24, 0xD4	; 212
     64a:	86 0f       	add	r24, r22
     64c:	0e 94 83 02 	call	0x506	; 0x506 <Lcd_SendCmd>
     650:	08 95       	ret

00000652 <LCD_voidInit>:
     652:	41 e0       	ldi	r20, 0x01	; 1
     654:	60 e0       	ldi	r22, 0x00	; 0
     656:	82 e0       	ldi	r24, 0x02	; 2
     658:	0e 94 0d 04 	call	0x81a	; 0x81a <DIO_voidSetPinDirection>
     65c:	41 e0       	ldi	r20, 0x01	; 1
     65e:	61 e0       	ldi	r22, 0x01	; 1
     660:	82 e0       	ldi	r24, 0x02	; 2
     662:	0e 94 0d 04 	call	0x81a	; 0x81a <DIO_voidSetPinDirection>
     666:	41 e0       	ldi	r20, 0x01	; 1
     668:	62 e0       	ldi	r22, 0x02	; 2
     66a:	82 e0       	ldi	r24, 0x02	; 2
     66c:	0e 94 0d 04 	call	0x81a	; 0x81a <DIO_voidSetPinDirection>
     670:	41 e0       	ldi	r20, 0x01	; 1
     672:	63 e0       	ldi	r22, 0x03	; 3
     674:	82 e0       	ldi	r24, 0x02	; 2
     676:	0e 94 0d 04 	call	0x81a	; 0x81a <DIO_voidSetPinDirection>
     67a:	41 e0       	ldi	r20, 0x01	; 1
     67c:	64 e0       	ldi	r22, 0x04	; 4
     67e:	82 e0       	ldi	r24, 0x02	; 2
     680:	0e 94 0d 04 	call	0x81a	; 0x81a <DIO_voidSetPinDirection>
     684:	41 e0       	ldi	r20, 0x01	; 1
     686:	65 e0       	ldi	r22, 0x05	; 5
     688:	82 e0       	ldi	r24, 0x02	; 2
     68a:	0e 94 0d 04 	call	0x81a	; 0x81a <DIO_voidSetPinDirection>
     68e:	8f e2       	ldi	r24, 0x2F	; 47
     690:	95 e7       	ldi	r25, 0x75	; 117
     692:	01 97       	sbiw	r24, 0x01	; 1
     694:	f1 f7       	brne	.-4      	; 0x692 <LCD_voidInit+0x40>
     696:	00 c0       	rjmp	.+0      	; 0x698 <LCD_voidInit+0x46>
     698:	00 00       	nop
     69a:	83 e0       	ldi	r24, 0x03	; 3
     69c:	0e 94 83 02 	call	0x506	; 0x506 <Lcd_SendCmd>
     6a0:	8f e0       	ldi	r24, 0x0F	; 15
     6a2:	97 e2       	ldi	r25, 0x27	; 39
     6a4:	01 97       	sbiw	r24, 0x01	; 1
     6a6:	f1 f7       	brne	.-4      	; 0x6a4 <LCD_voidInit+0x52>
     6a8:	00 c0       	rjmp	.+0      	; 0x6aa <LCD_voidInit+0x58>
     6aa:	00 00       	nop
     6ac:	83 e0       	ldi	r24, 0x03	; 3
     6ae:	0e 94 83 02 	call	0x506	; 0x506 <Lcd_SendCmd>
     6b2:	87 ec       	ldi	r24, 0xC7	; 199
     6b4:	90 e0       	ldi	r25, 0x00	; 0
     6b6:	01 97       	sbiw	r24, 0x01	; 1
     6b8:	f1 f7       	brne	.-4      	; 0x6b6 <LCD_voidInit+0x64>
     6ba:	00 c0       	rjmp	.+0      	; 0x6bc <LCD_voidInit+0x6a>
     6bc:	00 00       	nop
     6be:	83 e0       	ldi	r24, 0x03	; 3
     6c0:	0e 94 83 02 	call	0x506	; 0x506 <Lcd_SendCmd>
     6c4:	82 e0       	ldi	r24, 0x02	; 2
     6c6:	0e 94 83 02 	call	0x506	; 0x506 <Lcd_SendCmd>
     6ca:	88 e2       	ldi	r24, 0x28	; 40
     6cc:	0e 94 83 02 	call	0x506	; 0x506 <Lcd_SendCmd>
     6d0:	8c e0       	ldi	r24, 0x0C	; 12
     6d2:	0e 94 83 02 	call	0x506	; 0x506 <Lcd_SendCmd>
     6d6:	60 e0       	ldi	r22, 0x00	; 0
     6d8:	80 e0       	ldi	r24, 0x00	; 0
     6da:	0e 94 0d 03 	call	0x61a	; 0x61a <Lcd_Goto_Row_Column>
     6de:	81 e0       	ldi	r24, 0x01	; 1
     6e0:	0e 94 83 02 	call	0x506	; 0x506 <Lcd_SendCmd>
     6e4:	8f e4       	ldi	r24, 0x4F	; 79
     6e6:	93 ec       	ldi	r25, 0xC3	; 195
     6e8:	01 97       	sbiw	r24, 0x01	; 1
     6ea:	f1 f7       	brne	.-4      	; 0x6e8 <LCD_voidInit+0x96>
     6ec:	00 c0       	rjmp	.+0      	; 0x6ee <LCD_voidInit+0x9c>
     6ee:	00 00       	nop
     6f0:	08 95       	ret

000006f2 <Lcd_DisplayChr>:
     6f2:	0e 94 c8 02 	call	0x590	; 0x590 <LCD_voidSenddata>
     6f6:	08 95       	ret

000006f8 <Lcd_DisplayStr>:
     6f8:	cf 93       	push	r28
     6fa:	df 93       	push	r29
     6fc:	ec 01       	movw	r28, r24
     6fe:	03 c0       	rjmp	.+6      	; 0x706 <Lcd_DisplayStr+0xe>
     700:	0e 94 79 03 	call	0x6f2	; 0x6f2 <Lcd_DisplayChr>
     704:	21 96       	adiw	r28, 0x01	; 1
     706:	88 81       	ld	r24, Y
     708:	81 11       	cpse	r24, r1
     70a:	fa cf       	rjmp	.-12     	; 0x700 <Lcd_DisplayStr+0x8>
     70c:	df 91       	pop	r29
     70e:	cf 91       	pop	r28
     710:	08 95       	ret

00000712 <HLCD_voidClearLCD>:
     712:	81 e0       	ldi	r24, 0x01	; 1
     714:	0e 94 83 02 	call	0x506	; 0x506 <Lcd_SendCmd>
     718:	08 95       	ret

0000071a <Lcd_Displaynum>:
	 
	 
	 
	 
	 void Lcd_Displaynum(u16 number)
	 {
     71a:	0f 93       	push	r16
     71c:	1f 93       	push	r17
     71e:	cf 93       	push	r28
     720:	df 93       	push	r29
     722:	cd b7       	in	r28, 0x3d	; 61
     724:	de b7       	in	r29, 0x3e	; 62
     726:	27 97       	sbiw	r28, 0x07	; 7
     728:	0f b6       	in	r0, 0x3f	; 63
     72a:	f8 94       	cli
     72c:	de bf       	out	0x3e, r29	; 62
     72e:	0f be       	out	0x3f, r0	; 63
     730:	cd bf       	out	0x3d, r28	; 61
		 char str[7];
		 sprintf(str, "%d", number);
     732:	9f 93       	push	r25
     734:	8f 93       	push	r24
     736:	87 e5       	ldi	r24, 0x57	; 87
     738:	91 e0       	ldi	r25, 0x01	; 1
     73a:	9f 93       	push	r25
     73c:	8f 93       	push	r24
     73e:	8e 01       	movw	r16, r28
     740:	0f 5f       	subi	r16, 0xFF	; 255
     742:	1f 4f       	sbci	r17, 0xFF	; 255
     744:	1f 93       	push	r17
     746:	0f 93       	push	r16
     748:	0e 94 16 07 	call	0xe2c	; 0xe2c <sprintf>
		 Lcd_DisplayStr(str);
     74c:	c8 01       	movw	r24, r16
     74e:	0e 94 7c 03 	call	0x6f8	; 0x6f8 <Lcd_DisplayStr>
		// Lcd_DisplayChr(number%10000%1000%100/10);
		// Lcd_DisplayChr(number%10000%1000%100%10);
		 
		 
		 
	 }
     752:	0f 90       	pop	r0
     754:	0f 90       	pop	r0
     756:	0f 90       	pop	r0
     758:	0f 90       	pop	r0
     75a:	0f 90       	pop	r0
     75c:	0f 90       	pop	r0
     75e:	27 96       	adiw	r28, 0x07	; 7
     760:	0f b6       	in	r0, 0x3f	; 63
     762:	f8 94       	cli
     764:	de bf       	out	0x3e, r29	; 62
     766:	0f be       	out	0x3f, r0	; 63
     768:	cd bf       	out	0x3d, r28	; 61
     76a:	df 91       	pop	r29
     76c:	cf 91       	pop	r28
     76e:	1f 91       	pop	r17
     770:	0f 91       	pop	r16
     772:	08 95       	ret

00000774 <HAL_LED_voidInit>:
#include "DIO_interface.h"
#include "LED_interface.h"

void HAL_LED_voidInit(u8 copy_u8Port, u8 copy_u8Pin)
{
	DIO_voidSetPinDirection(copy_u8Port, copy_u8Pin, PIN_OUTPUT);
     774:	41 e0       	ldi	r20, 0x01	; 1
     776:	0e 94 0d 04 	call	0x81a	; 0x81a <DIO_voidSetPinDirection>
     77a:	08 95       	ret

0000077c <HAL_LED_voidOn>:
}

void HAL_LED_voidOn(u8 copy_u8Port, u8 copy_u8Pin)
{
	DIO_voidSetPinValue(copy_u8Port, copy_u8Pin, PIN_HIGH);
     77c:	41 e0       	ldi	r20, 0x01	; 1
     77e:	0e 94 80 04 	call	0x900	; 0x900 <DIO_voidSetPinValue>
     782:	08 95       	ret

00000784 <HAL_LED_voidOff>:
}

void HAL_LED_voidOff(u8 copy_u8Port, u8 copy_u8Pin)
{
	DIO_voidSetPinValue(copy_u8Port, copy_u8Pin, PIN_LOW);
     784:	40 e0       	ldi	r20, 0x00	; 0
     786:	0e 94 80 04 	call	0x900	; 0x900 <DIO_voidSetPinValue>
     78a:	08 95       	ret

0000078c <HAL_LED_voidToggle>:
}

void HAL_LED_voidToggle(u8 copy_u8Port, u8 copy_u8Pin)
{
	DIO_voidToggelPin(copy_u8Port, copy_u8Pin);
     78c:	0e 94 21 05 	call	0xa42	; 0xa42 <DIO_voidToggelPin>
     790:	08 95       	ret

00000792 <ADC_INIT>:


void ADC_INIT (void)
{
	/*  Select VCC as ref  */
		SET_BIT(ADMUX,6);
     792:	87 b1       	in	r24, 0x07	; 7
     794:	80 64       	ori	r24, 0x40	; 64
     796:	87 b9       	out	0x07, r24	; 7
		CLR_BIT(ADMUX,7);
     798:	87 b1       	in	r24, 0x07	; 7
     79a:	8f 77       	andi	r24, 0x7F	; 127
     79c:	87 b9       	out	0x07, r24	; 7
		
	/*  Right Adjust mode   */
	    CLR_BIT(ADMUX,5);	
     79e:	87 b1       	in	r24, 0x07	; 7
     7a0:	8f 7d       	andi	r24, 0xDF	; 223
     7a2:	87 b9       	out	0x07, r24	; 7
		
	/*   Prescaller Select  */
        SET_BIT(ADCSRA,0);
     7a4:	86 b1       	in	r24, 0x06	; 6
     7a6:	81 60       	ori	r24, 0x01	; 1
     7a8:	86 b9       	out	0x06, r24	; 6
        SET_BIT(ADCSRA,1);
     7aa:	86 b1       	in	r24, 0x06	; 6
     7ac:	82 60       	ori	r24, 0x02	; 2
     7ae:	86 b9       	out	0x06, r24	; 6
        SET_BIT(ADCSRA,2);			
     7b0:	86 b1       	in	r24, 0x06	; 6
     7b2:	84 60       	ori	r24, 0x04	; 4
     7b4:	86 b9       	out	0x06, r24	; 6
	
	/* Disable ADC Module */
	    CLR_BIT(ADCSRA,7);
     7b6:	86 b1       	in	r24, 0x06	; 6
     7b8:	8f 77       	andi	r24, 0x7F	; 127
     7ba:	86 b9       	out	0x06, r24	; 6

	/* Disable ADC Interrupt PIE */
	    CLR_BIT(ADCSRA,3);
     7bc:	86 b1       	in	r24, 0x06	; 6
     7be:	87 7f       	andi	r24, 0xF7	; 247
     7c0:	86 b9       	out	0x06, r24	; 6

	/* Clear  Interrupt flag PIF */
	   SET_BIT(ADCSRA,4);
     7c2:	86 b1       	in	r24, 0x06	; 6
     7c4:	80 61       	ori	r24, 0x10	; 16
     7c6:	86 b9       	out	0x06, r24	; 6
	
	/* Enable ADC Module */
	   SET_BIT(ADCSRA,7);
     7c8:	86 b1       	in	r24, 0x06	; 6
     7ca:	80 68       	ori	r24, 0x80	; 128
     7cc:	86 b9       	out	0x06, r24	; 6
     7ce:	08 95       	ret

000007d0 <ADC_CHANNEL_SELECT>:
}

void ADC_CHANNEL_SELECT (u8 copy_adc_channel)
{
		/*CLEAR CHANNEL BITS IN ADMUX REGISTER*/
		ADMUX &= ADC_CHANNEL_MASK ;
     7d0:	97 b1       	in	r25, 0x07	; 7
     7d2:	90 7e       	andi	r25, 0xE0	; 224
     7d4:	97 b9       	out	0x07, r25	; 7

		/*SELECT ADC CHANNEL      */
		ADMUX |= copy_adc_channel ;
     7d6:	97 b1       	in	r25, 0x07	; 7
     7d8:	89 2b       	or	r24, r25
     7da:	87 b9       	out	0x07, r24	; 7
     7dc:	08 95       	ret

000007de <ADC_START_CONVERSION>:
}

void ADC_START_CONVERSION (void)
{
	/*   Start Conversion     */
	    SET_BIT(ADCSRA,6);	
     7de:	86 b1       	in	r24, 0x06	; 6
     7e0:	80 64       	ori	r24, 0x40	; 64
     7e2:	86 b9       	out	0x06, r24	; 6
     7e4:	08 95       	ret

000007e6 <ADC_Read_value>:
}

u16 ADC_Read_value (void)
{
	ADC_START_CONVERSION();
     7e6:	0e 94 ef 03 	call	0x7de	; 0x7de <ADC_START_CONVERSION>

    /*   POLLING ON THE FLAG  */	
	   while((GET_BIT(ADCSRA,4))==0);
     7ea:	34 9b       	sbis	0x06, 4	; 6
     7ec:	fe cf       	rjmp	.-4      	; 0x7ea <ADC_Read_value+0x4>
	
	/* Clear  Interrupt flag PIF */
	   SET_BIT(ADCSRA,4);
     7ee:	86 b1       	in	r24, 0x06	; 6
     7f0:	80 61       	ori	r24, 0x10	; 16
     7f2:	86 b9       	out	0x06, r24	; 6
	
	return ADC ;
     7f4:	84 b1       	in	r24, 0x04	; 4
     7f6:	95 b1       	in	r25, 0x05	; 5
}
     7f8:	08 95       	ret

000007fa <DIO_voidSetPortDirection>:
	{

	case PORTA_ID :   PORTA_REG= copy_u8PortVal ; break ;
	case PORTB_ID :   PORTB_REG= copy_u8PortVal ; break ;
	case PORTC_ID :   PORTC_REG= copy_u8PortVal ; break ;
	case PORTD_ID :   PORTD_REG= copy_u8PortVal ; break ;
     7fa:	81 30       	cpi	r24, 0x01	; 1
     7fc:	41 f0       	breq	.+16     	; 0x80e <__DATA_REGION_LENGTH__+0xe>
     7fe:	28 f0       	brcs	.+10     	; 0x80a <__DATA_REGION_LENGTH__+0xa>
     800:	82 30       	cpi	r24, 0x02	; 2
     802:	39 f0       	breq	.+14     	; 0x812 <__DATA_REGION_LENGTH__+0x12>
     804:	83 30       	cpi	r24, 0x03	; 3
     806:	39 f0       	breq	.+14     	; 0x816 <__DATA_REGION_LENGTH__+0x16>
     808:	08 95       	ret
     80a:	6a bb       	out	0x1a, r22	; 26
     80c:	08 95       	ret
     80e:	67 bb       	out	0x17, r22	; 23
     810:	08 95       	ret
     812:	64 bb       	out	0x14, r22	; 20
     814:	08 95       	ret
     816:	61 bb       	out	0x11, r22	; 17
     818:	08 95       	ret

0000081a <DIO_voidSetPinDirection>:



void	DIO_voidSetPinDirection(u8 Copy_u8PortID,u8 Copy_u8PinID,u8 Copy_u8PinDir)
{
	if(Copy_u8PinID>=PIN0&&Copy_u8PinID<=PIN7)
     81a:	68 30       	cpi	r22, 0x08	; 8
     81c:	08 f0       	brcs	.+2      	; 0x820 <DIO_voidSetPinDirection+0x6>
     81e:	6f c0       	rjmp	.+222    	; 0x8fe <__stack+0x9f>
	{
		if(Copy_u8PinDir==PIN_OUTPUT)//Output
     820:	41 30       	cpi	r20, 0x01	; 1
     822:	a1 f5       	brne	.+104    	; 0x88c <__stack+0x2d>
		{
			switch(Copy_u8PortID)
     824:	81 30       	cpi	r24, 0x01	; 1
     826:	89 f0       	breq	.+34     	; 0x84a <DIO_voidSetPinDirection+0x30>
     828:	28 f0       	brcs	.+10     	; 0x834 <DIO_voidSetPinDirection+0x1a>
     82a:	82 30       	cpi	r24, 0x02	; 2
     82c:	c9 f0       	breq	.+50     	; 0x860 <__stack+0x1>
     82e:	83 30       	cpi	r24, 0x03	; 3
     830:	11 f1       	breq	.+68     	; 0x876 <__stack+0x17>
     832:	08 95       	ret
			{
			case PORTA_ID:    SET_BIT(DDRA_REG,Copy_u8PinID); break;
     834:	2a b3       	in	r18, 0x1a	; 26
     836:	81 e0       	ldi	r24, 0x01	; 1
     838:	90 e0       	ldi	r25, 0x00	; 0
     83a:	02 c0       	rjmp	.+4      	; 0x840 <DIO_voidSetPinDirection+0x26>
     83c:	88 0f       	add	r24, r24
     83e:	99 1f       	adc	r25, r25
     840:	6a 95       	dec	r22
     842:	e2 f7       	brpl	.-8      	; 0x83c <DIO_voidSetPinDirection+0x22>
     844:	82 2b       	or	r24, r18
     846:	8a bb       	out	0x1a, r24	; 26
     848:	08 95       	ret
			case PORTB_ID:    SET_BIT(DDRB_REG,Copy_u8PinID); break;
     84a:	27 b3       	in	r18, 0x17	; 23
     84c:	81 e0       	ldi	r24, 0x01	; 1
     84e:	90 e0       	ldi	r25, 0x00	; 0
     850:	02 c0       	rjmp	.+4      	; 0x856 <DIO_voidSetPinDirection+0x3c>
     852:	88 0f       	add	r24, r24
     854:	99 1f       	adc	r25, r25
     856:	6a 95       	dec	r22
     858:	e2 f7       	brpl	.-8      	; 0x852 <DIO_voidSetPinDirection+0x38>
     85a:	82 2b       	or	r24, r18
     85c:	87 bb       	out	0x17, r24	; 23
     85e:	08 95       	ret
			case PORTC_ID:    SET_BIT(DDRC_REG,Copy_u8PinID); break;
     860:	24 b3       	in	r18, 0x14	; 20
     862:	81 e0       	ldi	r24, 0x01	; 1
     864:	90 e0       	ldi	r25, 0x00	; 0
     866:	02 c0       	rjmp	.+4      	; 0x86c <__stack+0xd>
     868:	88 0f       	add	r24, r24
     86a:	99 1f       	adc	r25, r25
     86c:	6a 95       	dec	r22
     86e:	e2 f7       	brpl	.-8      	; 0x868 <__stack+0x9>
     870:	82 2b       	or	r24, r18
     872:	84 bb       	out	0x14, r24	; 20
     874:	08 95       	ret
			case PORTD_ID:    SET_BIT(DDRD_REG,Copy_u8PinID); break;
     876:	21 b3       	in	r18, 0x11	; 17
     878:	81 e0       	ldi	r24, 0x01	; 1
     87a:	90 e0       	ldi	r25, 0x00	; 0
     87c:	02 c0       	rjmp	.+4      	; 0x882 <__stack+0x23>
     87e:	88 0f       	add	r24, r24
     880:	99 1f       	adc	r25, r25
     882:	6a 95       	dec	r22
     884:	e2 f7       	brpl	.-8      	; 0x87e <__stack+0x1f>
     886:	82 2b       	or	r24, r18
     888:	81 bb       	out	0x11, r24	; 17
     88a:	08 95       	ret

			default:   break;

			}
		}
		else if(Copy_u8PinDir==PIN_INPUT)//Input
     88c:	41 11       	cpse	r20, r1
     88e:	37 c0       	rjmp	.+110    	; 0x8fe <__stack+0x9f>
		{
			switch(Copy_u8PortID)
     890:	81 30       	cpi	r24, 0x01	; 1
     892:	91 f0       	breq	.+36     	; 0x8b8 <__stack+0x59>
     894:	28 f0       	brcs	.+10     	; 0x8a0 <__stack+0x41>
     896:	82 30       	cpi	r24, 0x02	; 2
     898:	d9 f0       	breq	.+54     	; 0x8d0 <__stack+0x71>
     89a:	83 30       	cpi	r24, 0x03	; 3
     89c:	29 f1       	breq	.+74     	; 0x8e8 <__stack+0x89>
     89e:	08 95       	ret
			{
			case PORTA_ID:   CLR_BIT(DDRA_REG,Copy_u8PinID); break;
     8a0:	2a b3       	in	r18, 0x1a	; 26
     8a2:	81 e0       	ldi	r24, 0x01	; 1
     8a4:	90 e0       	ldi	r25, 0x00	; 0
     8a6:	02 c0       	rjmp	.+4      	; 0x8ac <__stack+0x4d>
     8a8:	88 0f       	add	r24, r24
     8aa:	99 1f       	adc	r25, r25
     8ac:	6a 95       	dec	r22
     8ae:	e2 f7       	brpl	.-8      	; 0x8a8 <__stack+0x49>
     8b0:	80 95       	com	r24
     8b2:	82 23       	and	r24, r18
     8b4:	8a bb       	out	0x1a, r24	; 26
     8b6:	08 95       	ret
			case PORTB_ID:   CLR_BIT(DDRB_REG,Copy_u8PinID); break;
     8b8:	27 b3       	in	r18, 0x17	; 23
     8ba:	81 e0       	ldi	r24, 0x01	; 1
     8bc:	90 e0       	ldi	r25, 0x00	; 0
     8be:	02 c0       	rjmp	.+4      	; 0x8c4 <__stack+0x65>
     8c0:	88 0f       	add	r24, r24
     8c2:	99 1f       	adc	r25, r25
     8c4:	6a 95       	dec	r22
     8c6:	e2 f7       	brpl	.-8      	; 0x8c0 <__stack+0x61>
     8c8:	80 95       	com	r24
     8ca:	82 23       	and	r24, r18
     8cc:	87 bb       	out	0x17, r24	; 23
     8ce:	08 95       	ret
			case PORTC_ID:   CLR_BIT(DDRC_REG,Copy_u8PinID); break;
     8d0:	24 b3       	in	r18, 0x14	; 20
     8d2:	81 e0       	ldi	r24, 0x01	; 1
     8d4:	90 e0       	ldi	r25, 0x00	; 0
     8d6:	02 c0       	rjmp	.+4      	; 0x8dc <__stack+0x7d>
     8d8:	88 0f       	add	r24, r24
     8da:	99 1f       	adc	r25, r25
     8dc:	6a 95       	dec	r22
     8de:	e2 f7       	brpl	.-8      	; 0x8d8 <__stack+0x79>
     8e0:	80 95       	com	r24
     8e2:	82 23       	and	r24, r18
     8e4:	84 bb       	out	0x14, r24	; 20
     8e6:	08 95       	ret
			case PORTD_ID:   CLR_BIT(DDRD_REG,Copy_u8PinID); break;
     8e8:	21 b3       	in	r18, 0x11	; 17
     8ea:	81 e0       	ldi	r24, 0x01	; 1
     8ec:	90 e0       	ldi	r25, 0x00	; 0
     8ee:	02 c0       	rjmp	.+4      	; 0x8f4 <__stack+0x95>
     8f0:	88 0f       	add	r24, r24
     8f2:	99 1f       	adc	r25, r25
     8f4:	6a 95       	dec	r22
     8f6:	e2 f7       	brpl	.-8      	; 0x8f0 <__stack+0x91>
     8f8:	80 95       	com	r24
     8fa:	82 23       	and	r24, r18
     8fc:	81 bb       	out	0x11, r24	; 17
     8fe:	08 95       	ret

00000900 <DIO_voidSetPinValue>:
	}

}
void    DIO_voidSetPinValue(u8 Copy_u8PortID,u8 Copy_u8PinID,u8 Copy_u8PinValue)
{
	if(Copy_u8PinID>=PIN0&&Copy_u8PinID<=PIN7)
     900:	68 30       	cpi	r22, 0x08	; 8
     902:	08 f0       	brcs	.+2      	; 0x906 <DIO_voidSetPinValue+0x6>
     904:	6f c0       	rjmp	.+222    	; 0x9e4 <DIO_voidSetPinValue+0xe4>
	{
		if(Copy_u8PinValue==PIN_HIGH)//High
     906:	41 30       	cpi	r20, 0x01	; 1
     908:	a1 f5       	brne	.+104    	; 0x972 <DIO_voidSetPinValue+0x72>
		{

			switch(Copy_u8PortID)
     90a:	81 30       	cpi	r24, 0x01	; 1
     90c:	89 f0       	breq	.+34     	; 0x930 <DIO_voidSetPinValue+0x30>
     90e:	28 f0       	brcs	.+10     	; 0x91a <DIO_voidSetPinValue+0x1a>
     910:	82 30       	cpi	r24, 0x02	; 2
     912:	c9 f0       	breq	.+50     	; 0x946 <DIO_voidSetPinValue+0x46>
     914:	83 30       	cpi	r24, 0x03	; 3
     916:	11 f1       	breq	.+68     	; 0x95c <DIO_voidSetPinValue+0x5c>
     918:	08 95       	ret
			{
			case PORTA_ID :    SET_BIT(PORTA_REG,Copy_u8PinID); break;
     91a:	2b b3       	in	r18, 0x1b	; 27
     91c:	81 e0       	ldi	r24, 0x01	; 1
     91e:	90 e0       	ldi	r25, 0x00	; 0
     920:	02 c0       	rjmp	.+4      	; 0x926 <DIO_voidSetPinValue+0x26>
     922:	88 0f       	add	r24, r24
     924:	99 1f       	adc	r25, r25
     926:	6a 95       	dec	r22
     928:	e2 f7       	brpl	.-8      	; 0x922 <DIO_voidSetPinValue+0x22>
     92a:	82 2b       	or	r24, r18
     92c:	8b bb       	out	0x1b, r24	; 27
     92e:	08 95       	ret
			case PORTB_ID :    SET_BIT(PORTB_REG,Copy_u8PinID); break;
     930:	28 b3       	in	r18, 0x18	; 24
     932:	81 e0       	ldi	r24, 0x01	; 1
     934:	90 e0       	ldi	r25, 0x00	; 0
     936:	02 c0       	rjmp	.+4      	; 0x93c <DIO_voidSetPinValue+0x3c>
     938:	88 0f       	add	r24, r24
     93a:	99 1f       	adc	r25, r25
     93c:	6a 95       	dec	r22
     93e:	e2 f7       	brpl	.-8      	; 0x938 <DIO_voidSetPinValue+0x38>
     940:	82 2b       	or	r24, r18
     942:	88 bb       	out	0x18, r24	; 24
     944:	08 95       	ret
			case PORTC_ID :    SET_BIT(PORTC_REG,Copy_u8PinID); break;
     946:	25 b3       	in	r18, 0x15	; 21
     948:	81 e0       	ldi	r24, 0x01	; 1
     94a:	90 e0       	ldi	r25, 0x00	; 0
     94c:	02 c0       	rjmp	.+4      	; 0x952 <DIO_voidSetPinValue+0x52>
     94e:	88 0f       	add	r24, r24
     950:	99 1f       	adc	r25, r25
     952:	6a 95       	dec	r22
     954:	e2 f7       	brpl	.-8      	; 0x94e <DIO_voidSetPinValue+0x4e>
     956:	82 2b       	or	r24, r18
     958:	85 bb       	out	0x15, r24	; 21
     95a:	08 95       	ret
			case PORTD_ID :    SET_BIT(PORTD_REG,Copy_u8PinID); break;
     95c:	22 b3       	in	r18, 0x12	; 18
     95e:	81 e0       	ldi	r24, 0x01	; 1
     960:	90 e0       	ldi	r25, 0x00	; 0
     962:	02 c0       	rjmp	.+4      	; 0x968 <DIO_voidSetPinValue+0x68>
     964:	88 0f       	add	r24, r24
     966:	99 1f       	adc	r25, r25
     968:	6a 95       	dec	r22
     96a:	e2 f7       	brpl	.-8      	; 0x964 <DIO_voidSetPinValue+0x64>
     96c:	82 2b       	or	r24, r18
     96e:	82 bb       	out	0x12, r24	; 18
     970:	08 95       	ret

			}
		}
		else if(Copy_u8PinValue==PIN_LOW)//Low
     972:	41 11       	cpse	r20, r1
     974:	37 c0       	rjmp	.+110    	; 0x9e4 <DIO_voidSetPinValue+0xe4>
		{
			switch(Copy_u8PortID)
     976:	81 30       	cpi	r24, 0x01	; 1
     978:	91 f0       	breq	.+36     	; 0x99e <DIO_voidSetPinValue+0x9e>
     97a:	28 f0       	brcs	.+10     	; 0x986 <DIO_voidSetPinValue+0x86>
     97c:	82 30       	cpi	r24, 0x02	; 2
     97e:	d9 f0       	breq	.+54     	; 0x9b6 <DIO_voidSetPinValue+0xb6>
     980:	83 30       	cpi	r24, 0x03	; 3
     982:	29 f1       	breq	.+74     	; 0x9ce <DIO_voidSetPinValue+0xce>
     984:	08 95       	ret
			{
			case PORTA_ID : CLR_BIT(PORTA_REG,Copy_u8PinID); break ;
     986:	2b b3       	in	r18, 0x1b	; 27
     988:	81 e0       	ldi	r24, 0x01	; 1
     98a:	90 e0       	ldi	r25, 0x00	; 0
     98c:	02 c0       	rjmp	.+4      	; 0x992 <DIO_voidSetPinValue+0x92>
     98e:	88 0f       	add	r24, r24
     990:	99 1f       	adc	r25, r25
     992:	6a 95       	dec	r22
     994:	e2 f7       	brpl	.-8      	; 0x98e <DIO_voidSetPinValue+0x8e>
     996:	80 95       	com	r24
     998:	82 23       	and	r24, r18
     99a:	8b bb       	out	0x1b, r24	; 27
     99c:	08 95       	ret
			case PORTB_ID : CLR_BIT(PORTB_REG,Copy_u8PinID); break ;
     99e:	28 b3       	in	r18, 0x18	; 24
     9a0:	81 e0       	ldi	r24, 0x01	; 1
     9a2:	90 e0       	ldi	r25, 0x00	; 0
     9a4:	02 c0       	rjmp	.+4      	; 0x9aa <DIO_voidSetPinValue+0xaa>
     9a6:	88 0f       	add	r24, r24
     9a8:	99 1f       	adc	r25, r25
     9aa:	6a 95       	dec	r22
     9ac:	e2 f7       	brpl	.-8      	; 0x9a6 <DIO_voidSetPinValue+0xa6>
     9ae:	80 95       	com	r24
     9b0:	82 23       	and	r24, r18
     9b2:	88 bb       	out	0x18, r24	; 24
     9b4:	08 95       	ret
			case PORTC_ID : CLR_BIT(PORTC_REG,Copy_u8PinID) ;break ;
     9b6:	25 b3       	in	r18, 0x15	; 21
     9b8:	81 e0       	ldi	r24, 0x01	; 1
     9ba:	90 e0       	ldi	r25, 0x00	; 0
     9bc:	02 c0       	rjmp	.+4      	; 0x9c2 <DIO_voidSetPinValue+0xc2>
     9be:	88 0f       	add	r24, r24
     9c0:	99 1f       	adc	r25, r25
     9c2:	6a 95       	dec	r22
     9c4:	e2 f7       	brpl	.-8      	; 0x9be <DIO_voidSetPinValue+0xbe>
     9c6:	80 95       	com	r24
     9c8:	82 23       	and	r24, r18
     9ca:	85 bb       	out	0x15, r24	; 21
     9cc:	08 95       	ret
			case PORTD_ID : CLR_BIT(PORTD_REG,Copy_u8PinID) ;break ;
     9ce:	22 b3       	in	r18, 0x12	; 18
     9d0:	81 e0       	ldi	r24, 0x01	; 1
     9d2:	90 e0       	ldi	r25, 0x00	; 0
     9d4:	02 c0       	rjmp	.+4      	; 0x9da <DIO_voidSetPinValue+0xda>
     9d6:	88 0f       	add	r24, r24
     9d8:	99 1f       	adc	r25, r25
     9da:	6a 95       	dec	r22
     9dc:	e2 f7       	brpl	.-8      	; 0x9d6 <DIO_voidSetPinValue+0xd6>
     9de:	80 95       	com	r24
     9e0:	82 23       	and	r24, r18
     9e2:	82 bb       	out	0x12, r24	; 18
     9e4:	08 95       	ret

000009e6 <DIO_voidGetBitValue>:
u8 DIO_voidGetBitValue(u8 copy_u8PortID , u8 copy_PinID )
{

	u8 Local_PinVal=0 ;

	switch(copy_u8PortID)
     9e6:	81 30       	cpi	r24, 0x01	; 1
     9e8:	79 f0       	breq	.+30     	; 0xa08 <DIO_voidGetBitValue+0x22>
     9ea:	28 f0       	brcs	.+10     	; 0x9f6 <DIO_voidGetBitValue+0x10>
     9ec:	82 30       	cpi	r24, 0x02	; 2
     9ee:	a9 f0       	breq	.+42     	; 0xa1a <DIO_voidGetBitValue+0x34>
     9f0:	83 30       	cpi	r24, 0x03	; 3
     9f2:	e1 f0       	breq	.+56     	; 0xa2c <DIO_voidGetBitValue+0x46>
     9f4:	24 c0       	rjmp	.+72     	; 0xa3e <DIO_voidGetBitValue+0x58>
	{

	case PORTA_ID : Local_PinVal=GET_BIT(PINA_REG,copy_PinID)   ; break ;
     9f6:	89 b3       	in	r24, 0x19	; 25
     9f8:	90 e0       	ldi	r25, 0x00	; 0
     9fa:	02 c0       	rjmp	.+4      	; 0xa00 <DIO_voidGetBitValue+0x1a>
     9fc:	95 95       	asr	r25
     9fe:	87 95       	ror	r24
     a00:	6a 95       	dec	r22
     a02:	e2 f7       	brpl	.-8      	; 0x9fc <DIO_voidGetBitValue+0x16>
     a04:	81 70       	andi	r24, 0x01	; 1
     a06:	08 95       	ret
	case PORTB_ID : Local_PinVal=GET_BIT(PINB_REG,copy_PinID)   ; break ;
     a08:	86 b3       	in	r24, 0x16	; 22
     a0a:	90 e0       	ldi	r25, 0x00	; 0
     a0c:	02 c0       	rjmp	.+4      	; 0xa12 <DIO_voidGetBitValue+0x2c>
     a0e:	95 95       	asr	r25
     a10:	87 95       	ror	r24
     a12:	6a 95       	dec	r22
     a14:	e2 f7       	brpl	.-8      	; 0xa0e <DIO_voidGetBitValue+0x28>
     a16:	81 70       	andi	r24, 0x01	; 1
     a18:	08 95       	ret

	case PORTC_ID : Local_PinVal=GET_BIT(PINC_REG,copy_PinID)   ; break ;
     a1a:	83 b3       	in	r24, 0x13	; 19
     a1c:	90 e0       	ldi	r25, 0x00	; 0
     a1e:	02 c0       	rjmp	.+4      	; 0xa24 <DIO_voidGetBitValue+0x3e>
     a20:	95 95       	asr	r25
     a22:	87 95       	ror	r24
     a24:	6a 95       	dec	r22
     a26:	e2 f7       	brpl	.-8      	; 0xa20 <DIO_voidGetBitValue+0x3a>
     a28:	81 70       	andi	r24, 0x01	; 1
     a2a:	08 95       	ret

	case PORTD_ID : Local_PinVal=GET_BIT(PIND_REG,copy_PinID)   ; break ;
     a2c:	80 b3       	in	r24, 0x10	; 16
     a2e:	90 e0       	ldi	r25, 0x00	; 0
     a30:	02 c0       	rjmp	.+4      	; 0xa36 <DIO_voidGetBitValue+0x50>
     a32:	95 95       	asr	r25
     a34:	87 95       	ror	r24
     a36:	6a 95       	dec	r22
     a38:	e2 f7       	brpl	.-8      	; 0xa32 <DIO_voidGetBitValue+0x4c>
     a3a:	81 70       	andi	r24, 0x01	; 1
     a3c:	08 95       	ret
}

u8 DIO_voidGetBitValue(u8 copy_u8PortID , u8 copy_PinID )
{

	u8 Local_PinVal=0 ;
     a3e:	80 e0       	ldi	r24, 0x00	; 0

	}

	return Local_PinVal ;

}
     a40:	08 95       	ret

00000a42 <DIO_voidToggelPin>:
 */

void DIO_voidToggelPin(u8 copy_u8PortID,u8 copy_u8PinID)
{

	switch (copy_u8PortID)
     a42:	81 30       	cpi	r24, 0x01	; 1
     a44:	89 f0       	breq	.+34     	; 0xa68 <DIO_voidToggelPin+0x26>
     a46:	28 f0       	brcs	.+10     	; 0xa52 <DIO_voidToggelPin+0x10>
     a48:	82 30       	cpi	r24, 0x02	; 2
     a4a:	c9 f0       	breq	.+50     	; 0xa7e <DIO_voidToggelPin+0x3c>
     a4c:	83 30       	cpi	r24, 0x03	; 3
     a4e:	11 f1       	breq	.+68     	; 0xa94 <DIO_voidToggelPin+0x52>
     a50:	08 95       	ret
	{
	case PORTA_ID :  TOG_BIT(PORTA_REG,copy_u8PinID) ; break ;
     a52:	2b b3       	in	r18, 0x1b	; 27
     a54:	81 e0       	ldi	r24, 0x01	; 1
     a56:	90 e0       	ldi	r25, 0x00	; 0
     a58:	02 c0       	rjmp	.+4      	; 0xa5e <DIO_voidToggelPin+0x1c>
     a5a:	88 0f       	add	r24, r24
     a5c:	99 1f       	adc	r25, r25
     a5e:	6a 95       	dec	r22
     a60:	e2 f7       	brpl	.-8      	; 0xa5a <DIO_voidToggelPin+0x18>
     a62:	82 27       	eor	r24, r18
     a64:	8b bb       	out	0x1b, r24	; 27
     a66:	08 95       	ret
	case PORTB_ID :  TOG_BIT(PORTB_REG,copy_u8PinID) ; break ;
     a68:	28 b3       	in	r18, 0x18	; 24
     a6a:	81 e0       	ldi	r24, 0x01	; 1
     a6c:	90 e0       	ldi	r25, 0x00	; 0
     a6e:	02 c0       	rjmp	.+4      	; 0xa74 <DIO_voidToggelPin+0x32>
     a70:	88 0f       	add	r24, r24
     a72:	99 1f       	adc	r25, r25
     a74:	6a 95       	dec	r22
     a76:	e2 f7       	brpl	.-8      	; 0xa70 <DIO_voidToggelPin+0x2e>
     a78:	82 27       	eor	r24, r18
     a7a:	88 bb       	out	0x18, r24	; 24
     a7c:	08 95       	ret
	case PORTC_ID :  TOG_BIT(PORTC_REG,copy_u8PinID) ; break ;
     a7e:	25 b3       	in	r18, 0x15	; 21
     a80:	81 e0       	ldi	r24, 0x01	; 1
     a82:	90 e0       	ldi	r25, 0x00	; 0
     a84:	02 c0       	rjmp	.+4      	; 0xa8a <DIO_voidToggelPin+0x48>
     a86:	88 0f       	add	r24, r24
     a88:	99 1f       	adc	r25, r25
     a8a:	6a 95       	dec	r22
     a8c:	e2 f7       	brpl	.-8      	; 0xa86 <DIO_voidToggelPin+0x44>
     a8e:	82 27       	eor	r24, r18
     a90:	85 bb       	out	0x15, r24	; 21
     a92:	08 95       	ret
	case PORTD_ID :  TOG_BIT(PORTD_REG,copy_u8PinID) ; break ;
     a94:	22 b3       	in	r18, 0x12	; 18
     a96:	81 e0       	ldi	r24, 0x01	; 1
     a98:	90 e0       	ldi	r25, 0x00	; 0
     a9a:	02 c0       	rjmp	.+4      	; 0xaa0 <DIO_voidToggelPin+0x5e>
     a9c:	88 0f       	add	r24, r24
     a9e:	99 1f       	adc	r25, r25
     aa0:	6a 95       	dec	r22
     aa2:	e2 f7       	brpl	.-8      	; 0xa9c <DIO_voidToggelPin+0x5a>
     aa4:	82 27       	eor	r24, r18
     aa6:	82 bb       	out	0x12, r24	; 18
     aa8:	08 95       	ret

00000aaa <EXT_voidInit>:




void EXT_voidInit(u8 copy_u8EiNum,u8 copy_u8ControlSens)
{
     aaa:	cf 93       	push	r28
     aac:	c6 2f       	mov	r28, r22

	switch(copy_u8EiNum)
     aae:	81 30       	cpi	r24, 0x01	; 1
     ab0:	f1 f0       	breq	.+60     	; 0xaee <EXT_voidInit+0x44>
     ab2:	18 f0       	brcs	.+6      	; 0xaba <EXT_voidInit+0x10>
     ab4:	82 30       	cpi	r24, 0x02	; 2
     ab6:	a9 f1       	breq	.+106    	; 0xb22 <EXT_voidInit+0x78>
     ab8:	47 c0       	rjmp	.+142    	; 0xb48 <EXT_voidInit+0x9e>
	{
	case EXT0 :


		DIO_voidSetPinDirection(PORTD_ID,PIN2,PIN_INPUT);
     aba:	40 e0       	ldi	r20, 0x00	; 0
     abc:	62 e0       	ldi	r22, 0x02	; 2
     abe:	83 e0       	ldi	r24, 0x03	; 3
     ac0:	0e 94 0d 04 	call	0x81a	; 0x81a <DIO_voidSetPinDirection>
		
		if(copy_u8ControlSens==FALLING_EDGE)
     ac4:	c1 11       	cpse	r28, r1
     ac6:	07 c0       	rjmp	.+14     	; 0xad6 <EXT_voidInit+0x2c>
		{


			CLR_BIT(MCUCR,MCUCR_ISC00);
     ac8:	85 b7       	in	r24, 0x35	; 53
     aca:	8e 7f       	andi	r24, 0xFE	; 254
     acc:	85 bf       	out	0x35, r24	; 53
			SET_BIT(MCUCR,MCUCR_ISC01);
     ace:	85 b7       	in	r24, 0x35	; 53
     ad0:	82 60       	ori	r24, 0x02	; 2
     ad2:	85 bf       	out	0x35, r24	; 53
     ad4:	08 c0       	rjmp	.+16     	; 0xae6 <EXT_voidInit+0x3c>

		}


		else if(copy_u8ControlSens==RISING_EDGE)
     ad6:	c1 30       	cpi	r28, 0x01	; 1
     ad8:	31 f4       	brne	.+12     	; 0xae6 <EXT_voidInit+0x3c>
		{
			SET_BIT(MCUCR,MCUCR_ISC00);
     ada:	85 b7       	in	r24, 0x35	; 53
     adc:	81 60       	ori	r24, 0x01	; 1
     ade:	85 bf       	out	0x35, r24	; 53
			SET_BIT(MCUCR,MCUCR_ISC01);
     ae0:	85 b7       	in	r24, 0x35	; 53
     ae2:	82 60       	ori	r24, 0x02	; 2
     ae4:	85 bf       	out	0x35, r24	; 53
		}

		SET_BIT(GICR,GICR_INT0);
     ae6:	8b b7       	in	r24, 0x3b	; 59
     ae8:	80 64       	ori	r24, 0x40	; 64
     aea:	8b bf       	out	0x3b, r24	; 59



		break ;
     aec:	2d c0       	rjmp	.+90     	; 0xb48 <EXT_voidInit+0x9e>


	case EXT1 :

		DIO_voidSetPinDirection(PORTD_ID,PIN3,PIN_INPUT);
     aee:	40 e0       	ldi	r20, 0x00	; 0
     af0:	63 e0       	ldi	r22, 0x03	; 3
     af2:	83 e0       	ldi	r24, 0x03	; 3
     af4:	0e 94 0d 04 	call	0x81a	; 0x81a <DIO_voidSetPinDirection>
		if(copy_u8ControlSens==FALLING_EDGE)
     af8:	c1 11       	cpse	r28, r1
     afa:	07 c0       	rjmp	.+14     	; 0xb0a <EXT_voidInit+0x60>
		{

			CLR_BIT(MCUCR,MCUCR_ISC10);
     afc:	85 b7       	in	r24, 0x35	; 53
     afe:	8b 7f       	andi	r24, 0xFB	; 251
     b00:	85 bf       	out	0x35, r24	; 53
			SET_BIT(MCUCR,MCUCR_ISC11);
     b02:	85 b7       	in	r24, 0x35	; 53
     b04:	88 60       	ori	r24, 0x08	; 8
     b06:	85 bf       	out	0x35, r24	; 53
     b08:	08 c0       	rjmp	.+16     	; 0xb1a <EXT_voidInit+0x70>

		}

		else if(copy_u8ControlSens==RISING_EDGE)
     b0a:	c1 30       	cpi	r28, 0x01	; 1
     b0c:	31 f4       	brne	.+12     	; 0xb1a <EXT_voidInit+0x70>
		{
			SET_BIT(MCUCR,MCUCR_ISC10);
     b0e:	85 b7       	in	r24, 0x35	; 53
     b10:	84 60       	ori	r24, 0x04	; 4
     b12:	85 bf       	out	0x35, r24	; 53
			SET_BIT(MCUCR,MCUCR_ISC11);
     b14:	85 b7       	in	r24, 0x35	; 53
     b16:	88 60       	ori	r24, 0x08	; 8
     b18:	85 bf       	out	0x35, r24	; 53
		}
		SET_BIT(GICR,GICR_INT1);
     b1a:	8b b7       	in	r24, 0x3b	; 59
     b1c:	80 68       	ori	r24, 0x80	; 128
     b1e:	8b bf       	out	0x3b, r24	; 59

		break ;
     b20:	13 c0       	rjmp	.+38     	; 0xb48 <EXT_voidInit+0x9e>

	case EXT2 :

		DIO_voidSetPinDirection(PORTB_ID,PIN2,PIN_INPUT);
     b22:	40 e0       	ldi	r20, 0x00	; 0
     b24:	62 e0       	ldi	r22, 0x02	; 2
     b26:	81 e0       	ldi	r24, 0x01	; 1
     b28:	0e 94 0d 04 	call	0x81a	; 0x81a <DIO_voidSetPinDirection>
		if(copy_u8ControlSens==FALLING_EDGE)
     b2c:	c1 11       	cpse	r28, r1
     b2e:	04 c0       	rjmp	.+8      	; 0xb38 <EXT_voidInit+0x8e>
		{
			CLR_BIT(MCUCSR,6);
     b30:	84 b7       	in	r24, 0x34	; 52
     b32:	8f 7b       	andi	r24, 0xBF	; 191
     b34:	84 bf       	out	0x34, r24	; 52
     b36:	05 c0       	rjmp	.+10     	; 0xb42 <EXT_voidInit+0x98>
		}

		else if(copy_u8ControlSens==RISING_EDGE)
     b38:	c1 30       	cpi	r28, 0x01	; 1
     b3a:	19 f4       	brne	.+6      	; 0xb42 <EXT_voidInit+0x98>
		{
			SET_BIT(MCUCSR,6);
     b3c:	84 b7       	in	r24, 0x34	; 52
     b3e:	80 64       	ori	r24, 0x40	; 64
     b40:	84 bf       	out	0x34, r24	; 52
		}
		SET_BIT(GICR,5);
     b42:	8b b7       	in	r24, 0x3b	; 59
     b44:	80 62       	ori	r24, 0x20	; 32
     b46:	8b bf       	out	0x3b, r24	; 59

		break ;

	}
}
     b48:	cf 91       	pop	r28
     b4a:	08 95       	ret

00000b4c <EXT_voidSetCallBack>:
void EXT_voidSetCallBack(  void (*ptr_ext)(void) ,u8 copy_u8ExtNum )
{



	if(ptr_ext!=NULL)
     b4c:	00 97       	sbiw	r24, 0x00	; 0
     b4e:	a1 f0       	breq	.+40     	; 0xb78 <EXT_voidSetCallBack+0x2c>
	{
		switch(copy_u8ExtNum)
     b50:	61 30       	cpi	r22, 0x01	; 1
     b52:	49 f0       	breq	.+18     	; 0xb66 <EXT_voidSetCallBack+0x1a>
     b54:	18 f0       	brcs	.+6      	; 0xb5c <EXT_voidSetCallBack+0x10>
     b56:	62 30       	cpi	r22, 0x02	; 2
     b58:	59 f0       	breq	.+22     	; 0xb70 <EXT_voidSetCallBack+0x24>
     b5a:	08 95       	ret
		{
		case EXT0:
			ptr_ArrCallBack[ 0 ]= ptr_ext;
     b5c:	90 93 5f 01 	sts	0x015F, r25	; 0x80015f <ptr_ArrCallBack+0x1>
     b60:	80 93 5e 01 	sts	0x015E, r24	; 0x80015e <ptr_ArrCallBack>
			break;
     b64:	08 95       	ret
		case EXT1:
			ptr_ArrCallBack[ 1 ]= ptr_ext;
     b66:	90 93 61 01 	sts	0x0161, r25	; 0x800161 <ptr_ArrCallBack+0x3>
     b6a:	80 93 60 01 	sts	0x0160, r24	; 0x800160 <ptr_ArrCallBack+0x2>
			break;
     b6e:	08 95       	ret
		case EXT2:
			ptr_ArrCallBack[ 2 ]= ptr_ext;
     b70:	90 93 63 01 	sts	0x0163, r25	; 0x800163 <ptr_ArrCallBack+0x5>
     b74:	80 93 62 01 	sts	0x0162, r24	; 0x800162 <ptr_ArrCallBack+0x4>
     b78:	08 95       	ret

00000b7a <__vector_1>:



void __vector_1 () __attribute__ ((signal));
void __vector_1 ()
{
     b7a:	1f 92       	push	r1
     b7c:	0f 92       	push	r0
     b7e:	0f b6       	in	r0, 0x3f	; 63
     b80:	0f 92       	push	r0
     b82:	11 24       	eor	r1, r1
     b84:	2f 93       	push	r18
     b86:	3f 93       	push	r19
     b88:	4f 93       	push	r20
     b8a:	5f 93       	push	r21
     b8c:	6f 93       	push	r22
     b8e:	7f 93       	push	r23
     b90:	8f 93       	push	r24
     b92:	9f 93       	push	r25
     b94:	af 93       	push	r26
     b96:	bf 93       	push	r27
     b98:	ef 93       	push	r30
     b9a:	ff 93       	push	r31

	ptr_ArrCallBack[0]();
     b9c:	e0 91 5e 01 	lds	r30, 0x015E	; 0x80015e <ptr_ArrCallBack>
     ba0:	f0 91 5f 01 	lds	r31, 0x015F	; 0x80015f <ptr_ArrCallBack+0x1>
     ba4:	09 95       	icall



}
     ba6:	ff 91       	pop	r31
     ba8:	ef 91       	pop	r30
     baa:	bf 91       	pop	r27
     bac:	af 91       	pop	r26
     bae:	9f 91       	pop	r25
     bb0:	8f 91       	pop	r24
     bb2:	7f 91       	pop	r23
     bb4:	6f 91       	pop	r22
     bb6:	5f 91       	pop	r21
     bb8:	4f 91       	pop	r20
     bba:	3f 91       	pop	r19
     bbc:	2f 91       	pop	r18
     bbe:	0f 90       	pop	r0
     bc0:	0f be       	out	0x3f, r0	; 63
     bc2:	0f 90       	pop	r0
     bc4:	1f 90       	pop	r1
     bc6:	18 95       	reti

00000bc8 <__vector_2>:

void __vector_2 () __attribute__ ((signal));
void __vector_2 ()
{
     bc8:	1f 92       	push	r1
     bca:	0f 92       	push	r0
     bcc:	0f b6       	in	r0, 0x3f	; 63
     bce:	0f 92       	push	r0
     bd0:	11 24       	eor	r1, r1
     bd2:	2f 93       	push	r18
     bd4:	3f 93       	push	r19
     bd6:	4f 93       	push	r20
     bd8:	5f 93       	push	r21
     bda:	6f 93       	push	r22
     bdc:	7f 93       	push	r23
     bde:	8f 93       	push	r24
     be0:	9f 93       	push	r25
     be2:	af 93       	push	r26
     be4:	bf 93       	push	r27
     be6:	ef 93       	push	r30
     be8:	ff 93       	push	r31


	ptr_ArrCallBack[1]();
     bea:	e0 91 60 01 	lds	r30, 0x0160	; 0x800160 <ptr_ArrCallBack+0x2>
     bee:	f0 91 61 01 	lds	r31, 0x0161	; 0x800161 <ptr_ArrCallBack+0x3>
     bf2:	09 95       	icall

}
     bf4:	ff 91       	pop	r31
     bf6:	ef 91       	pop	r30
     bf8:	bf 91       	pop	r27
     bfa:	af 91       	pop	r26
     bfc:	9f 91       	pop	r25
     bfe:	8f 91       	pop	r24
     c00:	7f 91       	pop	r23
     c02:	6f 91       	pop	r22
     c04:	5f 91       	pop	r21
     c06:	4f 91       	pop	r20
     c08:	3f 91       	pop	r19
     c0a:	2f 91       	pop	r18
     c0c:	0f 90       	pop	r0
     c0e:	0f be       	out	0x3f, r0	; 63
     c10:	0f 90       	pop	r0
     c12:	1f 90       	pop	r1
     c14:	18 95       	reti

00000c16 <__vector_3>:

void __vector_3 () __attribute__ ((signal));
void __vector_3 ()
{
     c16:	1f 92       	push	r1
     c18:	0f 92       	push	r0
     c1a:	0f b6       	in	r0, 0x3f	; 63
     c1c:	0f 92       	push	r0
     c1e:	11 24       	eor	r1, r1
     c20:	2f 93       	push	r18
     c22:	3f 93       	push	r19
     c24:	4f 93       	push	r20
     c26:	5f 93       	push	r21
     c28:	6f 93       	push	r22
     c2a:	7f 93       	push	r23
     c2c:	8f 93       	push	r24
     c2e:	9f 93       	push	r25
     c30:	af 93       	push	r26
     c32:	bf 93       	push	r27
     c34:	ef 93       	push	r30
     c36:	ff 93       	push	r31

	ptr_ArrCallBack[2]();
     c38:	e0 91 62 01 	lds	r30, 0x0162	; 0x800162 <ptr_ArrCallBack+0x4>
     c3c:	f0 91 63 01 	lds	r31, 0x0163	; 0x800163 <ptr_ArrCallBack+0x5>
     c40:	09 95       	icall

}
     c42:	ff 91       	pop	r31
     c44:	ef 91       	pop	r30
     c46:	bf 91       	pop	r27
     c48:	af 91       	pop	r26
     c4a:	9f 91       	pop	r25
     c4c:	8f 91       	pop	r24
     c4e:	7f 91       	pop	r23
     c50:	6f 91       	pop	r22
     c52:	5f 91       	pop	r21
     c54:	4f 91       	pop	r20
     c56:	3f 91       	pop	r19
     c58:	2f 91       	pop	r18
     c5a:	0f 90       	pop	r0
     c5c:	0f be       	out	0x3f, r0	; 63
     c5e:	0f 90       	pop	r0
     c60:	1f 90       	pop	r1
     c62:	18 95       	reti

00000c64 <GIE_Enable>:
 */
void GIE_Enable( void )
{

	/* Enable Global Interrupt */
	SET_BIT( SREG , I );
     c64:	8f b7       	in	r24, 0x3f	; 63
     c66:	80 68       	ori	r24, 0x80	; 128
     c68:	8f bf       	out	0x3f, r24	; 63
     c6a:	08 95       	ret

00000c6c <TIMER0_Init>:
		g_TIMER0_OVF_CallBack = CopyFuncPtr;
	}
	else if ( interrupt_id == TIMER0_COMP_ID )
	{
		/* Copy the Function Pointer */
		g_TIMER0_COMP_CallBack = CopyFuncPtr;
     c6c:	83 b7       	in	r24, 0x33	; 51
     c6e:	87 7f       	andi	r24, 0xF7	; 247
     c70:	83 bf       	out	0x33, r24	; 51
     c72:	83 b7       	in	r24, 0x33	; 51
     c74:	8f 7b       	andi	r24, 0xBF	; 191
     c76:	83 bf       	out	0x33, r24	; 51
     c78:	83 b7       	in	r24, 0x33	; 51
     c7a:	8f 7d       	andi	r24, 0xDF	; 223
     c7c:	83 bf       	out	0x33, r24	; 51
     c7e:	83 b7       	in	r24, 0x33	; 51
     c80:	8f 7e       	andi	r24, 0xEF	; 239
     c82:	83 bf       	out	0x33, r24	; 51
     c84:	12 be       	out	0x32, r1	; 50
     c86:	1c be       	out	0x3c, r1	; 60
     c88:	88 b7       	in	r24, 0x38	; 56
     c8a:	81 60       	ori	r24, 0x01	; 1
     c8c:	88 bf       	out	0x38, r24	; 56
     c8e:	89 b7       	in	r24, 0x39	; 57
     c90:	81 60       	ori	r24, 0x01	; 1
     c92:	89 bf       	out	0x39, r24	; 57
     c94:	8f b7       	in	r24, 0x3f	; 63
     c96:	80 68       	ori	r24, 0x80	; 128
     c98:	8f bf       	out	0x3f, r24	; 63
     c9a:	89 b7       	in	r24, 0x39	; 57
     c9c:	8d 7f       	andi	r24, 0xFD	; 253
     c9e:	89 bf       	out	0x39, r24	; 57
     ca0:	83 b7       	in	r24, 0x33	; 51
     ca2:	88 7f       	andi	r24, 0xF8	; 248
     ca4:	83 bf       	out	0x33, r24	; 51
     ca6:	83 b7       	in	r24, 0x33	; 51
     ca8:	82 60       	ori	r24, 0x02	; 2
     caa:	83 bf       	out	0x33, r24	; 51
     cac:	08 95       	ret

00000cae <TIMER0_SetCompareValue>:
     cae:	8c bf       	out	0x3c, r24	; 60
     cb0:	08 95       	ret

00000cb2 <__vector_10>:
 *
 * @see TIMER0_SetCallback for setting the callback function.
 */
void __vector_10 (void)		__attribute__ ((signal)) ;
void __vector_10 (void)
{
     cb2:	1f 92       	push	r1
     cb4:	0f 92       	push	r0
     cb6:	0f b6       	in	r0, 0x3f	; 63
     cb8:	0f 92       	push	r0
     cba:	11 24       	eor	r1, r1
     cbc:	2f 93       	push	r18
     cbe:	3f 93       	push	r19
     cc0:	4f 93       	push	r20
     cc2:	5f 93       	push	r21
     cc4:	6f 93       	push	r22
     cc6:	7f 93       	push	r23
     cc8:	8f 93       	push	r24
     cca:	9f 93       	push	r25
     ccc:	af 93       	push	r26
     cce:	bf 93       	push	r27
     cd0:	ef 93       	push	r30
     cd2:	ff 93       	push	r31

	/* Check that the Pointer is Valid */
	if( g_TIMER0_COMP_CallBack != NULL )
     cd4:	e0 91 66 01 	lds	r30, 0x0166	; 0x800166 <g_TIMER0_COMP_CallBack>
     cd8:	f0 91 67 01 	lds	r31, 0x0167	; 0x800167 <g_TIMER0_COMP_CallBack+0x1>
     cdc:	30 97       	sbiw	r30, 0x00	; 0
     cde:	09 f0       	breq	.+2      	; 0xce2 <__vector_10+0x30>
	{
		/* Call The Global Pointer to Function */
		g_TIMER0_COMP_CallBack();
     ce0:	09 95       	icall
		TIMER0_SW_TIME_TRACKING == TIMER0_TIME_TRACKING_ENABLE

		/* Count Up */
		g_TIMER0_Overflow++;
	#endif
}
     ce2:	ff 91       	pop	r31
     ce4:	ef 91       	pop	r30
     ce6:	bf 91       	pop	r27
     ce8:	af 91       	pop	r26
     cea:	9f 91       	pop	r25
     cec:	8f 91       	pop	r24
     cee:	7f 91       	pop	r23
     cf0:	6f 91       	pop	r22
     cf2:	5f 91       	pop	r21
     cf4:	4f 91       	pop	r20
     cf6:	3f 91       	pop	r19
     cf8:	2f 91       	pop	r18
     cfa:	0f 90       	pop	r0
     cfc:	0f be       	out	0x3f, r0	; 63
     cfe:	0f 90       	pop	r0
     d00:	1f 90       	pop	r1
     d02:	18 95       	reti

00000d04 <__vector_11>:
 *
 * @see TIMER0_SetCallback for setting the callback function.
 */
void __vector_11 (void)		__attribute__ ((signal)) ;
void __vector_11 (void)
{
     d04:	1f 92       	push	r1
     d06:	0f 92       	push	r0
     d08:	0f b6       	in	r0, 0x3f	; 63
     d0a:	0f 92       	push	r0
     d0c:	11 24       	eor	r1, r1
     d0e:	2f 93       	push	r18
     d10:	3f 93       	push	r19
     d12:	4f 93       	push	r20
     d14:	5f 93       	push	r21
     d16:	6f 93       	push	r22
     d18:	7f 93       	push	r23
     d1a:	8f 93       	push	r24
     d1c:	9f 93       	push	r25
     d1e:	af 93       	push	r26
     d20:	bf 93       	push	r27
     d22:	ef 93       	push	r30
     d24:	ff 93       	push	r31

	/* Check that the Pointer is Valid */
	if( g_TIMER0_OVF_CallBack != NULL )
     d26:	e0 91 68 01 	lds	r30, 0x0168	; 0x800168 <g_TIMER0_OVF_CallBack>
     d2a:	f0 91 69 01 	lds	r31, 0x0169	; 0x800169 <g_TIMER0_OVF_CallBack+0x1>
     d2e:	30 97       	sbiw	r30, 0x00	; 0
     d30:	09 f0       	breq	.+2      	; 0xd34 <__vector_11+0x30>
	{
		/* Call The Global Pointer to Function */
		g_TIMER0_OVF_CallBack();
     d32:	09 95       	icall
	/* Check on Count Mode (Software mode for TIMER0_GetTime_ms() function) */
	#if	TIMER0_WAVEFORM_GENERATION_MODE != TIMER0_CTC_MODE		&&	\
		TIMER0_SW_TIME_TRACKING == TIMER0_TIME_TRACKING_ENABLE

		/* Count Up */
		g_TIMER0_Overflow++;
     d34:	80 91 64 01 	lds	r24, 0x0164	; 0x800164 <g_TIMER0_Overflow>
     d38:	90 91 65 01 	lds	r25, 0x0165	; 0x800165 <g_TIMER0_Overflow+0x1>
     d3c:	01 96       	adiw	r24, 0x01	; 1
     d3e:	90 93 65 01 	sts	0x0165, r25	; 0x800165 <g_TIMER0_Overflow+0x1>
     d42:	80 93 64 01 	sts	0x0164, r24	; 0x800164 <g_TIMER0_Overflow>
	#endif
}
     d46:	ff 91       	pop	r31
     d48:	ef 91       	pop	r30
     d4a:	bf 91       	pop	r27
     d4c:	af 91       	pop	r26
     d4e:	9f 91       	pop	r25
     d50:	8f 91       	pop	r24
     d52:	7f 91       	pop	r23
     d54:	6f 91       	pop	r22
     d56:	5f 91       	pop	r21
     d58:	4f 91       	pop	r20
     d5a:	3f 91       	pop	r19
     d5c:	2f 91       	pop	r18
     d5e:	0f 90       	pop	r0
     d60:	0f be       	out	0x3f, r0	; 63
     d62:	0f 90       	pop	r0
     d64:	1f 90       	pop	r1
     d66:	18 95       	reti

00000d68 <USART_Init>:
	
	/* Wait for empty transmit buffer */
	while( GET_BIT(UCSRA,5) == 0 );
	
	/* Put data into buffer, sends the data */
	UDR = data;
     d68:	a0 e0       	ldi	r26, 0x00	; 0
     d6a:	b0 e0       	ldi	r27, 0x00	; 0
     d6c:	88 0f       	add	r24, r24
     d6e:	99 1f       	adc	r25, r25
     d70:	aa 1f       	adc	r26, r26
     d72:	bb 1f       	adc	r27, r27
     d74:	88 0f       	add	r24, r24
     d76:	99 1f       	adc	r25, r25
     d78:	aa 1f       	adc	r26, r26
     d7a:	bb 1f       	adc	r27, r27
     d7c:	9c 01       	movw	r18, r24
     d7e:	ad 01       	movw	r20, r26
     d80:	22 0f       	add	r18, r18
     d82:	33 1f       	adc	r19, r19
     d84:	44 1f       	adc	r20, r20
     d86:	55 1f       	adc	r21, r21
     d88:	22 0f       	add	r18, r18
     d8a:	33 1f       	adc	r19, r19
     d8c:	44 1f       	adc	r20, r20
     d8e:	55 1f       	adc	r21, r21
     d90:	60 e0       	ldi	r22, 0x00	; 0
     d92:	72 e1       	ldi	r23, 0x12	; 18
     d94:	8a e7       	ldi	r24, 0x7A	; 122
     d96:	90 e0       	ldi	r25, 0x00	; 0
     d98:	0e 94 e5 06 	call	0xdca	; 0xdca <__udivmodsi4>
     d9c:	21 50       	subi	r18, 0x01	; 1
     d9e:	31 09       	sbc	r19, r1
     da0:	8b b1       	in	r24, 0x0b	; 11
     da2:	8d 7f       	andi	r24, 0xFD	; 253
     da4:	8b b9       	out	0x0b, r24	; 11
     da6:	30 bd       	out	0x20, r19	; 32
     da8:	29 b9       	out	0x09, r18	; 9
     daa:	8a b1       	in	r24, 0x0a	; 10
     dac:	88 60       	ori	r24, 0x08	; 8
     dae:	8a b9       	out	0x0a, r24	; 10
     db0:	8a b1       	in	r24, 0x0a	; 10
     db2:	80 61       	ori	r24, 0x10	; 16
     db4:	8a b9       	out	0x0a, r24	; 10
     db6:	86 e8       	ldi	r24, 0x86	; 134
     db8:	80 bd       	out	0x20, r24	; 32
     dba:	08 95       	ret

00000dbc <USART_Receive>:


u8 USART_Receive( )
{
	/* Wait for data to be received 				*/
	while( GET_BIT( UCSRA , 7 ) ==0 );
     dbc:	5f 9b       	sbis	0x0b, 7	; 11
     dbe:	fe cf       	rjmp	.-4      	; 0xdbc <USART_Receive>
	
	/* clear the flag by writing logical one on it */
	SET_BIT( UCSRA , 7 );
     dc0:	8b b1       	in	r24, 0x0b	; 11
     dc2:	80 68       	ori	r24, 0x80	; 128
     dc4:	8b b9       	out	0x0b, r24	; 11

	/* Get and return received data from buffer 	*/
	return UDR;
     dc6:	8c b1       	in	r24, 0x0c	; 12
     dc8:	08 95       	ret

00000dca <__udivmodsi4>:
     dca:	a1 e2       	ldi	r26, 0x21	; 33
     dcc:	1a 2e       	mov	r1, r26
     dce:	aa 1b       	sub	r26, r26
     dd0:	bb 1b       	sub	r27, r27
     dd2:	fd 01       	movw	r30, r26
     dd4:	0d c0       	rjmp	.+26     	; 0xdf0 <__udivmodsi4_ep>

00000dd6 <__udivmodsi4_loop>:
     dd6:	aa 1f       	adc	r26, r26
     dd8:	bb 1f       	adc	r27, r27
     dda:	ee 1f       	adc	r30, r30
     ddc:	ff 1f       	adc	r31, r31
     dde:	a2 17       	cp	r26, r18
     de0:	b3 07       	cpc	r27, r19
     de2:	e4 07       	cpc	r30, r20
     de4:	f5 07       	cpc	r31, r21
     de6:	20 f0       	brcs	.+8      	; 0xdf0 <__udivmodsi4_ep>
     de8:	a2 1b       	sub	r26, r18
     dea:	b3 0b       	sbc	r27, r19
     dec:	e4 0b       	sbc	r30, r20
     dee:	f5 0b       	sbc	r31, r21

00000df0 <__udivmodsi4_ep>:
     df0:	66 1f       	adc	r22, r22
     df2:	77 1f       	adc	r23, r23
     df4:	88 1f       	adc	r24, r24
     df6:	99 1f       	adc	r25, r25
     df8:	1a 94       	dec	r1
     dfa:	69 f7       	brne	.-38     	; 0xdd6 <__udivmodsi4_loop>
     dfc:	60 95       	com	r22
     dfe:	70 95       	com	r23
     e00:	80 95       	com	r24
     e02:	90 95       	com	r25
     e04:	9b 01       	movw	r18, r22
     e06:	ac 01       	movw	r20, r24
     e08:	bd 01       	movw	r22, r26
     e0a:	cf 01       	movw	r24, r30
     e0c:	08 95       	ret

00000e0e <__umulhisi3>:
     e0e:	a2 9f       	mul	r26, r18
     e10:	b0 01       	movw	r22, r0
     e12:	b3 9f       	mul	r27, r19
     e14:	c0 01       	movw	r24, r0
     e16:	a3 9f       	mul	r26, r19
     e18:	70 0d       	add	r23, r0
     e1a:	81 1d       	adc	r24, r1
     e1c:	11 24       	eor	r1, r1
     e1e:	91 1d       	adc	r25, r1
     e20:	b2 9f       	mul	r27, r18
     e22:	70 0d       	add	r23, r0
     e24:	81 1d       	adc	r24, r1
     e26:	11 24       	eor	r1, r1
     e28:	91 1d       	adc	r25, r1
     e2a:	08 95       	ret

00000e2c <sprintf>:
     e2c:	ae e0       	ldi	r26, 0x0E	; 14
     e2e:	b0 e0       	ldi	r27, 0x00	; 0
     e30:	ec e1       	ldi	r30, 0x1C	; 28
     e32:	f7 e0       	ldi	r31, 0x07	; 7
     e34:	0c 94 d7 09 	jmp	0x13ae	; 0x13ae <__prologue_saves__+0x1c>
     e38:	0d 89       	ldd	r16, Y+21	; 0x15
     e3a:	1e 89       	ldd	r17, Y+22	; 0x16
     e3c:	86 e0       	ldi	r24, 0x06	; 6
     e3e:	8c 83       	std	Y+4, r24	; 0x04
     e40:	1a 83       	std	Y+2, r17	; 0x02
     e42:	09 83       	std	Y+1, r16	; 0x01
     e44:	8f ef       	ldi	r24, 0xFF	; 255
     e46:	9f e7       	ldi	r25, 0x7F	; 127
     e48:	9e 83       	std	Y+6, r25	; 0x06
     e4a:	8d 83       	std	Y+5, r24	; 0x05
     e4c:	ae 01       	movw	r20, r28
     e4e:	47 5e       	subi	r20, 0xE7	; 231
     e50:	5f 4f       	sbci	r21, 0xFF	; 255
     e52:	6f 89       	ldd	r22, Y+23	; 0x17
     e54:	78 8d       	ldd	r23, Y+24	; 0x18
     e56:	ce 01       	movw	r24, r28
     e58:	01 96       	adiw	r24, 0x01	; 1
     e5a:	0e 94 38 07 	call	0xe70	; 0xe70 <vfprintf>
     e5e:	ef 81       	ldd	r30, Y+7	; 0x07
     e60:	f8 85       	ldd	r31, Y+8	; 0x08
     e62:	e0 0f       	add	r30, r16
     e64:	f1 1f       	adc	r31, r17
     e66:	10 82       	st	Z, r1
     e68:	2e 96       	adiw	r28, 0x0e	; 14
     e6a:	e4 e0       	ldi	r30, 0x04	; 4
     e6c:	0c 94 f3 09 	jmp	0x13e6	; 0x13e6 <__epilogue_restores__+0x1c>

00000e70 <vfprintf>:
     e70:	ab e0       	ldi	r26, 0x0B	; 11
     e72:	b0 e0       	ldi	r27, 0x00	; 0
     e74:	ee e3       	ldi	r30, 0x3E	; 62
     e76:	f7 e0       	ldi	r31, 0x07	; 7
     e78:	0c 94 c9 09 	jmp	0x1392	; 0x1392 <__prologue_saves__>
     e7c:	6c 01       	movw	r12, r24
     e7e:	7b 01       	movw	r14, r22
     e80:	8a 01       	movw	r16, r20
     e82:	fc 01       	movw	r30, r24
     e84:	17 82       	std	Z+7, r1	; 0x07
     e86:	16 82       	std	Z+6, r1	; 0x06
     e88:	83 81       	ldd	r24, Z+3	; 0x03
     e8a:	81 ff       	sbrs	r24, 1
     e8c:	cc c1       	rjmp	.+920    	; 0x1226 <vfprintf+0x3b6>
     e8e:	ce 01       	movw	r24, r28
     e90:	01 96       	adiw	r24, 0x01	; 1
     e92:	3c 01       	movw	r6, r24
     e94:	f6 01       	movw	r30, r12
     e96:	93 81       	ldd	r25, Z+3	; 0x03
     e98:	f7 01       	movw	r30, r14
     e9a:	93 fd       	sbrc	r25, 3
     e9c:	85 91       	lpm	r24, Z+
     e9e:	93 ff       	sbrs	r25, 3
     ea0:	81 91       	ld	r24, Z+
     ea2:	7f 01       	movw	r14, r30
     ea4:	88 23       	and	r24, r24
     ea6:	09 f4       	brne	.+2      	; 0xeaa <vfprintf+0x3a>
     ea8:	ba c1       	rjmp	.+884    	; 0x121e <vfprintf+0x3ae>
     eaa:	85 32       	cpi	r24, 0x25	; 37
     eac:	39 f4       	brne	.+14     	; 0xebc <vfprintf+0x4c>
     eae:	93 fd       	sbrc	r25, 3
     eb0:	85 91       	lpm	r24, Z+
     eb2:	93 ff       	sbrs	r25, 3
     eb4:	81 91       	ld	r24, Z+
     eb6:	7f 01       	movw	r14, r30
     eb8:	85 32       	cpi	r24, 0x25	; 37
     eba:	29 f4       	brne	.+10     	; 0xec6 <vfprintf+0x56>
     ebc:	b6 01       	movw	r22, r12
     ebe:	90 e0       	ldi	r25, 0x00	; 0
     ec0:	0e 94 2f 09 	call	0x125e	; 0x125e <fputc>
     ec4:	e7 cf       	rjmp	.-50     	; 0xe94 <vfprintf+0x24>
     ec6:	91 2c       	mov	r9, r1
     ec8:	21 2c       	mov	r2, r1
     eca:	31 2c       	mov	r3, r1
     ecc:	ff e1       	ldi	r31, 0x1F	; 31
     ece:	f3 15       	cp	r31, r3
     ed0:	d8 f0       	brcs	.+54     	; 0xf08 <vfprintf+0x98>
     ed2:	8b 32       	cpi	r24, 0x2B	; 43
     ed4:	79 f0       	breq	.+30     	; 0xef4 <vfprintf+0x84>
     ed6:	38 f4       	brcc	.+14     	; 0xee6 <vfprintf+0x76>
     ed8:	80 32       	cpi	r24, 0x20	; 32
     eda:	79 f0       	breq	.+30     	; 0xefa <vfprintf+0x8a>
     edc:	83 32       	cpi	r24, 0x23	; 35
     ede:	a1 f4       	brne	.+40     	; 0xf08 <vfprintf+0x98>
     ee0:	23 2d       	mov	r18, r3
     ee2:	20 61       	ori	r18, 0x10	; 16
     ee4:	1d c0       	rjmp	.+58     	; 0xf20 <vfprintf+0xb0>
     ee6:	8d 32       	cpi	r24, 0x2D	; 45
     ee8:	61 f0       	breq	.+24     	; 0xf02 <vfprintf+0x92>
     eea:	80 33       	cpi	r24, 0x30	; 48
     eec:	69 f4       	brne	.+26     	; 0xf08 <vfprintf+0x98>
     eee:	23 2d       	mov	r18, r3
     ef0:	21 60       	ori	r18, 0x01	; 1
     ef2:	16 c0       	rjmp	.+44     	; 0xf20 <vfprintf+0xb0>
     ef4:	83 2d       	mov	r24, r3
     ef6:	82 60       	ori	r24, 0x02	; 2
     ef8:	38 2e       	mov	r3, r24
     efa:	e3 2d       	mov	r30, r3
     efc:	e4 60       	ori	r30, 0x04	; 4
     efe:	3e 2e       	mov	r3, r30
     f00:	2a c0       	rjmp	.+84     	; 0xf56 <vfprintf+0xe6>
     f02:	f3 2d       	mov	r31, r3
     f04:	f8 60       	ori	r31, 0x08	; 8
     f06:	1d c0       	rjmp	.+58     	; 0xf42 <vfprintf+0xd2>
     f08:	37 fc       	sbrc	r3, 7
     f0a:	2d c0       	rjmp	.+90     	; 0xf66 <vfprintf+0xf6>
     f0c:	20 ed       	ldi	r18, 0xD0	; 208
     f0e:	28 0f       	add	r18, r24
     f10:	2a 30       	cpi	r18, 0x0A	; 10
     f12:	40 f0       	brcs	.+16     	; 0xf24 <vfprintf+0xb4>
     f14:	8e 32       	cpi	r24, 0x2E	; 46
     f16:	b9 f4       	brne	.+46     	; 0xf46 <vfprintf+0xd6>
     f18:	36 fc       	sbrc	r3, 6
     f1a:	81 c1       	rjmp	.+770    	; 0x121e <vfprintf+0x3ae>
     f1c:	23 2d       	mov	r18, r3
     f1e:	20 64       	ori	r18, 0x40	; 64
     f20:	32 2e       	mov	r3, r18
     f22:	19 c0       	rjmp	.+50     	; 0xf56 <vfprintf+0xe6>
     f24:	36 fe       	sbrs	r3, 6
     f26:	06 c0       	rjmp	.+12     	; 0xf34 <vfprintf+0xc4>
     f28:	8a e0       	ldi	r24, 0x0A	; 10
     f2a:	98 9e       	mul	r9, r24
     f2c:	20 0d       	add	r18, r0
     f2e:	11 24       	eor	r1, r1
     f30:	92 2e       	mov	r9, r18
     f32:	11 c0       	rjmp	.+34     	; 0xf56 <vfprintf+0xe6>
     f34:	ea e0       	ldi	r30, 0x0A	; 10
     f36:	2e 9e       	mul	r2, r30
     f38:	20 0d       	add	r18, r0
     f3a:	11 24       	eor	r1, r1
     f3c:	22 2e       	mov	r2, r18
     f3e:	f3 2d       	mov	r31, r3
     f40:	f0 62       	ori	r31, 0x20	; 32
     f42:	3f 2e       	mov	r3, r31
     f44:	08 c0       	rjmp	.+16     	; 0xf56 <vfprintf+0xe6>
     f46:	8c 36       	cpi	r24, 0x6C	; 108
     f48:	21 f4       	brne	.+8      	; 0xf52 <vfprintf+0xe2>
     f4a:	83 2d       	mov	r24, r3
     f4c:	80 68       	ori	r24, 0x80	; 128
     f4e:	38 2e       	mov	r3, r24
     f50:	02 c0       	rjmp	.+4      	; 0xf56 <vfprintf+0xe6>
     f52:	88 36       	cpi	r24, 0x68	; 104
     f54:	41 f4       	brne	.+16     	; 0xf66 <vfprintf+0xf6>
     f56:	f7 01       	movw	r30, r14
     f58:	93 fd       	sbrc	r25, 3
     f5a:	85 91       	lpm	r24, Z+
     f5c:	93 ff       	sbrs	r25, 3
     f5e:	81 91       	ld	r24, Z+
     f60:	7f 01       	movw	r14, r30
     f62:	81 11       	cpse	r24, r1
     f64:	b3 cf       	rjmp	.-154    	; 0xecc <vfprintf+0x5c>
     f66:	98 2f       	mov	r25, r24
     f68:	9f 7d       	andi	r25, 0xDF	; 223
     f6a:	95 54       	subi	r25, 0x45	; 69
     f6c:	93 30       	cpi	r25, 0x03	; 3
     f6e:	28 f4       	brcc	.+10     	; 0xf7a <vfprintf+0x10a>
     f70:	0c 5f       	subi	r16, 0xFC	; 252
     f72:	1f 4f       	sbci	r17, 0xFF	; 255
     f74:	9f e3       	ldi	r25, 0x3F	; 63
     f76:	99 83       	std	Y+1, r25	; 0x01
     f78:	0d c0       	rjmp	.+26     	; 0xf94 <vfprintf+0x124>
     f7a:	83 36       	cpi	r24, 0x63	; 99
     f7c:	31 f0       	breq	.+12     	; 0xf8a <vfprintf+0x11a>
     f7e:	83 37       	cpi	r24, 0x73	; 115
     f80:	71 f0       	breq	.+28     	; 0xf9e <vfprintf+0x12e>
     f82:	83 35       	cpi	r24, 0x53	; 83
     f84:	09 f0       	breq	.+2      	; 0xf88 <vfprintf+0x118>
     f86:	59 c0       	rjmp	.+178    	; 0x103a <vfprintf+0x1ca>
     f88:	21 c0       	rjmp	.+66     	; 0xfcc <vfprintf+0x15c>
     f8a:	f8 01       	movw	r30, r16
     f8c:	80 81       	ld	r24, Z
     f8e:	89 83       	std	Y+1, r24	; 0x01
     f90:	0e 5f       	subi	r16, 0xFE	; 254
     f92:	1f 4f       	sbci	r17, 0xFF	; 255
     f94:	88 24       	eor	r8, r8
     f96:	83 94       	inc	r8
     f98:	91 2c       	mov	r9, r1
     f9a:	53 01       	movw	r10, r6
     f9c:	13 c0       	rjmp	.+38     	; 0xfc4 <vfprintf+0x154>
     f9e:	28 01       	movw	r4, r16
     fa0:	f2 e0       	ldi	r31, 0x02	; 2
     fa2:	4f 0e       	add	r4, r31
     fa4:	51 1c       	adc	r5, r1
     fa6:	f8 01       	movw	r30, r16
     fa8:	a0 80       	ld	r10, Z
     faa:	b1 80       	ldd	r11, Z+1	; 0x01
     fac:	36 fe       	sbrs	r3, 6
     fae:	03 c0       	rjmp	.+6      	; 0xfb6 <vfprintf+0x146>
     fb0:	69 2d       	mov	r22, r9
     fb2:	70 e0       	ldi	r23, 0x00	; 0
     fb4:	02 c0       	rjmp	.+4      	; 0xfba <vfprintf+0x14a>
     fb6:	6f ef       	ldi	r22, 0xFF	; 255
     fb8:	7f ef       	ldi	r23, 0xFF	; 255
     fba:	c5 01       	movw	r24, r10
     fbc:	0e 94 24 09 	call	0x1248	; 0x1248 <strnlen>
     fc0:	4c 01       	movw	r8, r24
     fc2:	82 01       	movw	r16, r4
     fc4:	f3 2d       	mov	r31, r3
     fc6:	ff 77       	andi	r31, 0x7F	; 127
     fc8:	3f 2e       	mov	r3, r31
     fca:	16 c0       	rjmp	.+44     	; 0xff8 <vfprintf+0x188>
     fcc:	28 01       	movw	r4, r16
     fce:	22 e0       	ldi	r18, 0x02	; 2
     fd0:	42 0e       	add	r4, r18
     fd2:	51 1c       	adc	r5, r1
     fd4:	f8 01       	movw	r30, r16
     fd6:	a0 80       	ld	r10, Z
     fd8:	b1 80       	ldd	r11, Z+1	; 0x01
     fda:	36 fe       	sbrs	r3, 6
     fdc:	03 c0       	rjmp	.+6      	; 0xfe4 <vfprintf+0x174>
     fde:	69 2d       	mov	r22, r9
     fe0:	70 e0       	ldi	r23, 0x00	; 0
     fe2:	02 c0       	rjmp	.+4      	; 0xfe8 <vfprintf+0x178>
     fe4:	6f ef       	ldi	r22, 0xFF	; 255
     fe6:	7f ef       	ldi	r23, 0xFF	; 255
     fe8:	c5 01       	movw	r24, r10
     fea:	0e 94 19 09 	call	0x1232	; 0x1232 <strnlen_P>
     fee:	4c 01       	movw	r8, r24
     ff0:	f3 2d       	mov	r31, r3
     ff2:	f0 68       	ori	r31, 0x80	; 128
     ff4:	3f 2e       	mov	r3, r31
     ff6:	82 01       	movw	r16, r4
     ff8:	33 fc       	sbrc	r3, 3
     ffa:	1b c0       	rjmp	.+54     	; 0x1032 <vfprintf+0x1c2>
     ffc:	82 2d       	mov	r24, r2
     ffe:	90 e0       	ldi	r25, 0x00	; 0
    1000:	88 16       	cp	r8, r24
    1002:	99 06       	cpc	r9, r25
    1004:	b0 f4       	brcc	.+44     	; 0x1032 <vfprintf+0x1c2>
    1006:	b6 01       	movw	r22, r12
    1008:	80 e2       	ldi	r24, 0x20	; 32
    100a:	90 e0       	ldi	r25, 0x00	; 0
    100c:	0e 94 2f 09 	call	0x125e	; 0x125e <fputc>
    1010:	2a 94       	dec	r2
    1012:	f4 cf       	rjmp	.-24     	; 0xffc <vfprintf+0x18c>
    1014:	f5 01       	movw	r30, r10
    1016:	37 fc       	sbrc	r3, 7
    1018:	85 91       	lpm	r24, Z+
    101a:	37 fe       	sbrs	r3, 7
    101c:	81 91       	ld	r24, Z+
    101e:	5f 01       	movw	r10, r30
    1020:	b6 01       	movw	r22, r12
    1022:	90 e0       	ldi	r25, 0x00	; 0
    1024:	0e 94 2f 09 	call	0x125e	; 0x125e <fputc>
    1028:	21 10       	cpse	r2, r1
    102a:	2a 94       	dec	r2
    102c:	21 e0       	ldi	r18, 0x01	; 1
    102e:	82 1a       	sub	r8, r18
    1030:	91 08       	sbc	r9, r1
    1032:	81 14       	cp	r8, r1
    1034:	91 04       	cpc	r9, r1
    1036:	71 f7       	brne	.-36     	; 0x1014 <vfprintf+0x1a4>
    1038:	e8 c0       	rjmp	.+464    	; 0x120a <vfprintf+0x39a>
    103a:	84 36       	cpi	r24, 0x64	; 100
    103c:	11 f0       	breq	.+4      	; 0x1042 <vfprintf+0x1d2>
    103e:	89 36       	cpi	r24, 0x69	; 105
    1040:	41 f5       	brne	.+80     	; 0x1092 <vfprintf+0x222>
    1042:	f8 01       	movw	r30, r16
    1044:	37 fe       	sbrs	r3, 7
    1046:	07 c0       	rjmp	.+14     	; 0x1056 <vfprintf+0x1e6>
    1048:	60 81       	ld	r22, Z
    104a:	71 81       	ldd	r23, Z+1	; 0x01
    104c:	82 81       	ldd	r24, Z+2	; 0x02
    104e:	93 81       	ldd	r25, Z+3	; 0x03
    1050:	0c 5f       	subi	r16, 0xFC	; 252
    1052:	1f 4f       	sbci	r17, 0xFF	; 255
    1054:	08 c0       	rjmp	.+16     	; 0x1066 <vfprintf+0x1f6>
    1056:	60 81       	ld	r22, Z
    1058:	71 81       	ldd	r23, Z+1	; 0x01
    105a:	07 2e       	mov	r0, r23
    105c:	00 0c       	add	r0, r0
    105e:	88 0b       	sbc	r24, r24
    1060:	99 0b       	sbc	r25, r25
    1062:	0e 5f       	subi	r16, 0xFE	; 254
    1064:	1f 4f       	sbci	r17, 0xFF	; 255
    1066:	f3 2d       	mov	r31, r3
    1068:	ff 76       	andi	r31, 0x6F	; 111
    106a:	3f 2e       	mov	r3, r31
    106c:	97 ff       	sbrs	r25, 7
    106e:	09 c0       	rjmp	.+18     	; 0x1082 <vfprintf+0x212>
    1070:	90 95       	com	r25
    1072:	80 95       	com	r24
    1074:	70 95       	com	r23
    1076:	61 95       	neg	r22
    1078:	7f 4f       	sbci	r23, 0xFF	; 255
    107a:	8f 4f       	sbci	r24, 0xFF	; 255
    107c:	9f 4f       	sbci	r25, 0xFF	; 255
    107e:	f0 68       	ori	r31, 0x80	; 128
    1080:	3f 2e       	mov	r3, r31
    1082:	2a e0       	ldi	r18, 0x0A	; 10
    1084:	30 e0       	ldi	r19, 0x00	; 0
    1086:	a3 01       	movw	r20, r6
    1088:	0e 94 6b 09 	call	0x12d6	; 0x12d6 <__ultoa_invert>
    108c:	88 2e       	mov	r8, r24
    108e:	86 18       	sub	r8, r6
    1090:	45 c0       	rjmp	.+138    	; 0x111c <vfprintf+0x2ac>
    1092:	85 37       	cpi	r24, 0x75	; 117
    1094:	31 f4       	brne	.+12     	; 0x10a2 <vfprintf+0x232>
    1096:	23 2d       	mov	r18, r3
    1098:	2f 7e       	andi	r18, 0xEF	; 239
    109a:	b2 2e       	mov	r11, r18
    109c:	2a e0       	ldi	r18, 0x0A	; 10
    109e:	30 e0       	ldi	r19, 0x00	; 0
    10a0:	25 c0       	rjmp	.+74     	; 0x10ec <vfprintf+0x27c>
    10a2:	93 2d       	mov	r25, r3
    10a4:	99 7f       	andi	r25, 0xF9	; 249
    10a6:	b9 2e       	mov	r11, r25
    10a8:	8f 36       	cpi	r24, 0x6F	; 111
    10aa:	c1 f0       	breq	.+48     	; 0x10dc <vfprintf+0x26c>
    10ac:	18 f4       	brcc	.+6      	; 0x10b4 <vfprintf+0x244>
    10ae:	88 35       	cpi	r24, 0x58	; 88
    10b0:	79 f0       	breq	.+30     	; 0x10d0 <vfprintf+0x260>
    10b2:	b5 c0       	rjmp	.+362    	; 0x121e <vfprintf+0x3ae>
    10b4:	80 37       	cpi	r24, 0x70	; 112
    10b6:	19 f0       	breq	.+6      	; 0x10be <vfprintf+0x24e>
    10b8:	88 37       	cpi	r24, 0x78	; 120
    10ba:	21 f0       	breq	.+8      	; 0x10c4 <vfprintf+0x254>
    10bc:	b0 c0       	rjmp	.+352    	; 0x121e <vfprintf+0x3ae>
    10be:	e9 2f       	mov	r30, r25
    10c0:	e0 61       	ori	r30, 0x10	; 16
    10c2:	be 2e       	mov	r11, r30
    10c4:	b4 fe       	sbrs	r11, 4
    10c6:	0d c0       	rjmp	.+26     	; 0x10e2 <vfprintf+0x272>
    10c8:	fb 2d       	mov	r31, r11
    10ca:	f4 60       	ori	r31, 0x04	; 4
    10cc:	bf 2e       	mov	r11, r31
    10ce:	09 c0       	rjmp	.+18     	; 0x10e2 <vfprintf+0x272>
    10d0:	34 fe       	sbrs	r3, 4
    10d2:	0a c0       	rjmp	.+20     	; 0x10e8 <vfprintf+0x278>
    10d4:	29 2f       	mov	r18, r25
    10d6:	26 60       	ori	r18, 0x06	; 6
    10d8:	b2 2e       	mov	r11, r18
    10da:	06 c0       	rjmp	.+12     	; 0x10e8 <vfprintf+0x278>
    10dc:	28 e0       	ldi	r18, 0x08	; 8
    10de:	30 e0       	ldi	r19, 0x00	; 0
    10e0:	05 c0       	rjmp	.+10     	; 0x10ec <vfprintf+0x27c>
    10e2:	20 e1       	ldi	r18, 0x10	; 16
    10e4:	30 e0       	ldi	r19, 0x00	; 0
    10e6:	02 c0       	rjmp	.+4      	; 0x10ec <vfprintf+0x27c>
    10e8:	20 e1       	ldi	r18, 0x10	; 16
    10ea:	32 e0       	ldi	r19, 0x02	; 2
    10ec:	f8 01       	movw	r30, r16
    10ee:	b7 fe       	sbrs	r11, 7
    10f0:	07 c0       	rjmp	.+14     	; 0x1100 <vfprintf+0x290>
    10f2:	60 81       	ld	r22, Z
    10f4:	71 81       	ldd	r23, Z+1	; 0x01
    10f6:	82 81       	ldd	r24, Z+2	; 0x02
    10f8:	93 81       	ldd	r25, Z+3	; 0x03
    10fa:	0c 5f       	subi	r16, 0xFC	; 252
    10fc:	1f 4f       	sbci	r17, 0xFF	; 255
    10fe:	06 c0       	rjmp	.+12     	; 0x110c <vfprintf+0x29c>
    1100:	60 81       	ld	r22, Z
    1102:	71 81       	ldd	r23, Z+1	; 0x01
    1104:	80 e0       	ldi	r24, 0x00	; 0
    1106:	90 e0       	ldi	r25, 0x00	; 0
    1108:	0e 5f       	subi	r16, 0xFE	; 254
    110a:	1f 4f       	sbci	r17, 0xFF	; 255
    110c:	a3 01       	movw	r20, r6
    110e:	0e 94 6b 09 	call	0x12d6	; 0x12d6 <__ultoa_invert>
    1112:	88 2e       	mov	r8, r24
    1114:	86 18       	sub	r8, r6
    1116:	fb 2d       	mov	r31, r11
    1118:	ff 77       	andi	r31, 0x7F	; 127
    111a:	3f 2e       	mov	r3, r31
    111c:	36 fe       	sbrs	r3, 6
    111e:	0d c0       	rjmp	.+26     	; 0x113a <vfprintf+0x2ca>
    1120:	23 2d       	mov	r18, r3
    1122:	2e 7f       	andi	r18, 0xFE	; 254
    1124:	a2 2e       	mov	r10, r18
    1126:	89 14       	cp	r8, r9
    1128:	58 f4       	brcc	.+22     	; 0x1140 <vfprintf+0x2d0>
    112a:	34 fe       	sbrs	r3, 4
    112c:	0b c0       	rjmp	.+22     	; 0x1144 <vfprintf+0x2d4>
    112e:	32 fc       	sbrc	r3, 2
    1130:	09 c0       	rjmp	.+18     	; 0x1144 <vfprintf+0x2d4>
    1132:	83 2d       	mov	r24, r3
    1134:	8e 7e       	andi	r24, 0xEE	; 238
    1136:	a8 2e       	mov	r10, r24
    1138:	05 c0       	rjmp	.+10     	; 0x1144 <vfprintf+0x2d4>
    113a:	b8 2c       	mov	r11, r8
    113c:	a3 2c       	mov	r10, r3
    113e:	03 c0       	rjmp	.+6      	; 0x1146 <vfprintf+0x2d6>
    1140:	b8 2c       	mov	r11, r8
    1142:	01 c0       	rjmp	.+2      	; 0x1146 <vfprintf+0x2d6>
    1144:	b9 2c       	mov	r11, r9
    1146:	a4 fe       	sbrs	r10, 4
    1148:	0f c0       	rjmp	.+30     	; 0x1168 <vfprintf+0x2f8>
    114a:	fe 01       	movw	r30, r28
    114c:	e8 0d       	add	r30, r8
    114e:	f1 1d       	adc	r31, r1
    1150:	80 81       	ld	r24, Z
    1152:	80 33       	cpi	r24, 0x30	; 48
    1154:	21 f4       	brne	.+8      	; 0x115e <vfprintf+0x2ee>
    1156:	9a 2d       	mov	r25, r10
    1158:	99 7e       	andi	r25, 0xE9	; 233
    115a:	a9 2e       	mov	r10, r25
    115c:	09 c0       	rjmp	.+18     	; 0x1170 <vfprintf+0x300>
    115e:	a2 fe       	sbrs	r10, 2
    1160:	06 c0       	rjmp	.+12     	; 0x116e <vfprintf+0x2fe>
    1162:	b3 94       	inc	r11
    1164:	b3 94       	inc	r11
    1166:	04 c0       	rjmp	.+8      	; 0x1170 <vfprintf+0x300>
    1168:	8a 2d       	mov	r24, r10
    116a:	86 78       	andi	r24, 0x86	; 134
    116c:	09 f0       	breq	.+2      	; 0x1170 <vfprintf+0x300>
    116e:	b3 94       	inc	r11
    1170:	a3 fc       	sbrc	r10, 3
    1172:	11 c0       	rjmp	.+34     	; 0x1196 <vfprintf+0x326>
    1174:	a0 fe       	sbrs	r10, 0
    1176:	06 c0       	rjmp	.+12     	; 0x1184 <vfprintf+0x314>
    1178:	b2 14       	cp	r11, r2
    117a:	88 f4       	brcc	.+34     	; 0x119e <vfprintf+0x32e>
    117c:	28 0c       	add	r2, r8
    117e:	92 2c       	mov	r9, r2
    1180:	9b 18       	sub	r9, r11
    1182:	0e c0       	rjmp	.+28     	; 0x11a0 <vfprintf+0x330>
    1184:	b2 14       	cp	r11, r2
    1186:	60 f4       	brcc	.+24     	; 0x11a0 <vfprintf+0x330>
    1188:	b6 01       	movw	r22, r12
    118a:	80 e2       	ldi	r24, 0x20	; 32
    118c:	90 e0       	ldi	r25, 0x00	; 0
    118e:	0e 94 2f 09 	call	0x125e	; 0x125e <fputc>
    1192:	b3 94       	inc	r11
    1194:	f7 cf       	rjmp	.-18     	; 0x1184 <vfprintf+0x314>
    1196:	b2 14       	cp	r11, r2
    1198:	18 f4       	brcc	.+6      	; 0x11a0 <vfprintf+0x330>
    119a:	2b 18       	sub	r2, r11
    119c:	02 c0       	rjmp	.+4      	; 0x11a2 <vfprintf+0x332>
    119e:	98 2c       	mov	r9, r8
    11a0:	21 2c       	mov	r2, r1
    11a2:	a4 fe       	sbrs	r10, 4
    11a4:	10 c0       	rjmp	.+32     	; 0x11c6 <vfprintf+0x356>
    11a6:	b6 01       	movw	r22, r12
    11a8:	80 e3       	ldi	r24, 0x30	; 48
    11aa:	90 e0       	ldi	r25, 0x00	; 0
    11ac:	0e 94 2f 09 	call	0x125e	; 0x125e <fputc>
    11b0:	a2 fe       	sbrs	r10, 2
    11b2:	17 c0       	rjmp	.+46     	; 0x11e2 <vfprintf+0x372>
    11b4:	a1 fc       	sbrc	r10, 1
    11b6:	03 c0       	rjmp	.+6      	; 0x11be <vfprintf+0x34e>
    11b8:	88 e7       	ldi	r24, 0x78	; 120
    11ba:	90 e0       	ldi	r25, 0x00	; 0
    11bc:	02 c0       	rjmp	.+4      	; 0x11c2 <vfprintf+0x352>
    11be:	88 e5       	ldi	r24, 0x58	; 88
    11c0:	90 e0       	ldi	r25, 0x00	; 0
    11c2:	b6 01       	movw	r22, r12
    11c4:	0c c0       	rjmp	.+24     	; 0x11de <vfprintf+0x36e>
    11c6:	8a 2d       	mov	r24, r10
    11c8:	86 78       	andi	r24, 0x86	; 134
    11ca:	59 f0       	breq	.+22     	; 0x11e2 <vfprintf+0x372>
    11cc:	a1 fe       	sbrs	r10, 1
    11ce:	02 c0       	rjmp	.+4      	; 0x11d4 <vfprintf+0x364>
    11d0:	8b e2       	ldi	r24, 0x2B	; 43
    11d2:	01 c0       	rjmp	.+2      	; 0x11d6 <vfprintf+0x366>
    11d4:	80 e2       	ldi	r24, 0x20	; 32
    11d6:	a7 fc       	sbrc	r10, 7
    11d8:	8d e2       	ldi	r24, 0x2D	; 45
    11da:	b6 01       	movw	r22, r12
    11dc:	90 e0       	ldi	r25, 0x00	; 0
    11de:	0e 94 2f 09 	call	0x125e	; 0x125e <fputc>
    11e2:	89 14       	cp	r8, r9
    11e4:	38 f4       	brcc	.+14     	; 0x11f4 <vfprintf+0x384>
    11e6:	b6 01       	movw	r22, r12
    11e8:	80 e3       	ldi	r24, 0x30	; 48
    11ea:	90 e0       	ldi	r25, 0x00	; 0
    11ec:	0e 94 2f 09 	call	0x125e	; 0x125e <fputc>
    11f0:	9a 94       	dec	r9
    11f2:	f7 cf       	rjmp	.-18     	; 0x11e2 <vfprintf+0x372>
    11f4:	8a 94       	dec	r8
    11f6:	f3 01       	movw	r30, r6
    11f8:	e8 0d       	add	r30, r8
    11fa:	f1 1d       	adc	r31, r1
    11fc:	80 81       	ld	r24, Z
    11fe:	b6 01       	movw	r22, r12
    1200:	90 e0       	ldi	r25, 0x00	; 0
    1202:	0e 94 2f 09 	call	0x125e	; 0x125e <fputc>
    1206:	81 10       	cpse	r8, r1
    1208:	f5 cf       	rjmp	.-22     	; 0x11f4 <vfprintf+0x384>
    120a:	22 20       	and	r2, r2
    120c:	09 f4       	brne	.+2      	; 0x1210 <vfprintf+0x3a0>
    120e:	42 ce       	rjmp	.-892    	; 0xe94 <vfprintf+0x24>
    1210:	b6 01       	movw	r22, r12
    1212:	80 e2       	ldi	r24, 0x20	; 32
    1214:	90 e0       	ldi	r25, 0x00	; 0
    1216:	0e 94 2f 09 	call	0x125e	; 0x125e <fputc>
    121a:	2a 94       	dec	r2
    121c:	f6 cf       	rjmp	.-20     	; 0x120a <vfprintf+0x39a>
    121e:	f6 01       	movw	r30, r12
    1220:	86 81       	ldd	r24, Z+6	; 0x06
    1222:	97 81       	ldd	r25, Z+7	; 0x07
    1224:	02 c0       	rjmp	.+4      	; 0x122a <vfprintf+0x3ba>
    1226:	8f ef       	ldi	r24, 0xFF	; 255
    1228:	9f ef       	ldi	r25, 0xFF	; 255
    122a:	2b 96       	adiw	r28, 0x0b	; 11
    122c:	e2 e1       	ldi	r30, 0x12	; 18
    122e:	0c 94 e5 09 	jmp	0x13ca	; 0x13ca <__epilogue_restores__>

00001232 <strnlen_P>:
    1232:	fc 01       	movw	r30, r24
    1234:	05 90       	lpm	r0, Z+
    1236:	61 50       	subi	r22, 0x01	; 1
    1238:	70 40       	sbci	r23, 0x00	; 0
    123a:	01 10       	cpse	r0, r1
    123c:	d8 f7       	brcc	.-10     	; 0x1234 <strnlen_P+0x2>
    123e:	80 95       	com	r24
    1240:	90 95       	com	r25
    1242:	8e 0f       	add	r24, r30
    1244:	9f 1f       	adc	r25, r31
    1246:	08 95       	ret

00001248 <strnlen>:
    1248:	fc 01       	movw	r30, r24
    124a:	61 50       	subi	r22, 0x01	; 1
    124c:	70 40       	sbci	r23, 0x00	; 0
    124e:	01 90       	ld	r0, Z+
    1250:	01 10       	cpse	r0, r1
    1252:	d8 f7       	brcc	.-10     	; 0x124a <strnlen+0x2>
    1254:	80 95       	com	r24
    1256:	90 95       	com	r25
    1258:	8e 0f       	add	r24, r30
    125a:	9f 1f       	adc	r25, r31
    125c:	08 95       	ret

0000125e <fputc>:
    125e:	0f 93       	push	r16
    1260:	1f 93       	push	r17
    1262:	cf 93       	push	r28
    1264:	df 93       	push	r29
    1266:	fb 01       	movw	r30, r22
    1268:	23 81       	ldd	r18, Z+3	; 0x03
    126a:	21 fd       	sbrc	r18, 1
    126c:	03 c0       	rjmp	.+6      	; 0x1274 <fputc+0x16>
    126e:	8f ef       	ldi	r24, 0xFF	; 255
    1270:	9f ef       	ldi	r25, 0xFF	; 255
    1272:	2c c0       	rjmp	.+88     	; 0x12cc <fputc+0x6e>
    1274:	22 ff       	sbrs	r18, 2
    1276:	16 c0       	rjmp	.+44     	; 0x12a4 <fputc+0x46>
    1278:	46 81       	ldd	r20, Z+6	; 0x06
    127a:	57 81       	ldd	r21, Z+7	; 0x07
    127c:	24 81       	ldd	r18, Z+4	; 0x04
    127e:	35 81       	ldd	r19, Z+5	; 0x05
    1280:	42 17       	cp	r20, r18
    1282:	53 07       	cpc	r21, r19
    1284:	44 f4       	brge	.+16     	; 0x1296 <fputc+0x38>
    1286:	a0 81       	ld	r26, Z
    1288:	b1 81       	ldd	r27, Z+1	; 0x01
    128a:	9d 01       	movw	r18, r26
    128c:	2f 5f       	subi	r18, 0xFF	; 255
    128e:	3f 4f       	sbci	r19, 0xFF	; 255
    1290:	31 83       	std	Z+1, r19	; 0x01
    1292:	20 83       	st	Z, r18
    1294:	8c 93       	st	X, r24
    1296:	26 81       	ldd	r18, Z+6	; 0x06
    1298:	37 81       	ldd	r19, Z+7	; 0x07
    129a:	2f 5f       	subi	r18, 0xFF	; 255
    129c:	3f 4f       	sbci	r19, 0xFF	; 255
    129e:	37 83       	std	Z+7, r19	; 0x07
    12a0:	26 83       	std	Z+6, r18	; 0x06
    12a2:	14 c0       	rjmp	.+40     	; 0x12cc <fputc+0x6e>
    12a4:	8b 01       	movw	r16, r22
    12a6:	ec 01       	movw	r28, r24
    12a8:	fb 01       	movw	r30, r22
    12aa:	00 84       	ldd	r0, Z+8	; 0x08
    12ac:	f1 85       	ldd	r31, Z+9	; 0x09
    12ae:	e0 2d       	mov	r30, r0
    12b0:	09 95       	icall
    12b2:	89 2b       	or	r24, r25
    12b4:	e1 f6       	brne	.-72     	; 0x126e <fputc+0x10>
    12b6:	d8 01       	movw	r26, r16
    12b8:	16 96       	adiw	r26, 0x06	; 6
    12ba:	8d 91       	ld	r24, X+
    12bc:	9c 91       	ld	r25, X
    12be:	17 97       	sbiw	r26, 0x07	; 7
    12c0:	01 96       	adiw	r24, 0x01	; 1
    12c2:	17 96       	adiw	r26, 0x07	; 7
    12c4:	9c 93       	st	X, r25
    12c6:	8e 93       	st	-X, r24
    12c8:	16 97       	sbiw	r26, 0x06	; 6
    12ca:	ce 01       	movw	r24, r28
    12cc:	df 91       	pop	r29
    12ce:	cf 91       	pop	r28
    12d0:	1f 91       	pop	r17
    12d2:	0f 91       	pop	r16
    12d4:	08 95       	ret

000012d6 <__ultoa_invert>:
    12d6:	fa 01       	movw	r30, r20
    12d8:	aa 27       	eor	r26, r26
    12da:	28 30       	cpi	r18, 0x08	; 8
    12dc:	51 f1       	breq	.+84     	; 0x1332 <__ultoa_invert+0x5c>
    12de:	20 31       	cpi	r18, 0x10	; 16
    12e0:	81 f1       	breq	.+96     	; 0x1342 <__ultoa_invert+0x6c>
    12e2:	e8 94       	clt
    12e4:	6f 93       	push	r22
    12e6:	6e 7f       	andi	r22, 0xFE	; 254
    12e8:	6e 5f       	subi	r22, 0xFE	; 254
    12ea:	7f 4f       	sbci	r23, 0xFF	; 255
    12ec:	8f 4f       	sbci	r24, 0xFF	; 255
    12ee:	9f 4f       	sbci	r25, 0xFF	; 255
    12f0:	af 4f       	sbci	r26, 0xFF	; 255
    12f2:	b1 e0       	ldi	r27, 0x01	; 1
    12f4:	3e d0       	rcall	.+124    	; 0x1372 <__ultoa_invert+0x9c>
    12f6:	b4 e0       	ldi	r27, 0x04	; 4
    12f8:	3c d0       	rcall	.+120    	; 0x1372 <__ultoa_invert+0x9c>
    12fa:	67 0f       	add	r22, r23
    12fc:	78 1f       	adc	r23, r24
    12fe:	89 1f       	adc	r24, r25
    1300:	9a 1f       	adc	r25, r26
    1302:	a1 1d       	adc	r26, r1
    1304:	68 0f       	add	r22, r24
    1306:	79 1f       	adc	r23, r25
    1308:	8a 1f       	adc	r24, r26
    130a:	91 1d       	adc	r25, r1
    130c:	a1 1d       	adc	r26, r1
    130e:	6a 0f       	add	r22, r26
    1310:	71 1d       	adc	r23, r1
    1312:	81 1d       	adc	r24, r1
    1314:	91 1d       	adc	r25, r1
    1316:	a1 1d       	adc	r26, r1
    1318:	20 d0       	rcall	.+64     	; 0x135a <__ultoa_invert+0x84>
    131a:	09 f4       	brne	.+2      	; 0x131e <__ultoa_invert+0x48>
    131c:	68 94       	set
    131e:	3f 91       	pop	r19
    1320:	2a e0       	ldi	r18, 0x0A	; 10
    1322:	26 9f       	mul	r18, r22
    1324:	11 24       	eor	r1, r1
    1326:	30 19       	sub	r19, r0
    1328:	30 5d       	subi	r19, 0xD0	; 208
    132a:	31 93       	st	Z+, r19
    132c:	de f6       	brtc	.-74     	; 0x12e4 <__ultoa_invert+0xe>
    132e:	cf 01       	movw	r24, r30
    1330:	08 95       	ret
    1332:	46 2f       	mov	r20, r22
    1334:	47 70       	andi	r20, 0x07	; 7
    1336:	40 5d       	subi	r20, 0xD0	; 208
    1338:	41 93       	st	Z+, r20
    133a:	b3 e0       	ldi	r27, 0x03	; 3
    133c:	0f d0       	rcall	.+30     	; 0x135c <__ultoa_invert+0x86>
    133e:	c9 f7       	brne	.-14     	; 0x1332 <__ultoa_invert+0x5c>
    1340:	f6 cf       	rjmp	.-20     	; 0x132e <__ultoa_invert+0x58>
    1342:	46 2f       	mov	r20, r22
    1344:	4f 70       	andi	r20, 0x0F	; 15
    1346:	40 5d       	subi	r20, 0xD0	; 208
    1348:	4a 33       	cpi	r20, 0x3A	; 58
    134a:	18 f0       	brcs	.+6      	; 0x1352 <__ultoa_invert+0x7c>
    134c:	49 5d       	subi	r20, 0xD9	; 217
    134e:	31 fd       	sbrc	r19, 1
    1350:	40 52       	subi	r20, 0x20	; 32
    1352:	41 93       	st	Z+, r20
    1354:	02 d0       	rcall	.+4      	; 0x135a <__ultoa_invert+0x84>
    1356:	a9 f7       	brne	.-22     	; 0x1342 <__ultoa_invert+0x6c>
    1358:	ea cf       	rjmp	.-44     	; 0x132e <__ultoa_invert+0x58>
    135a:	b4 e0       	ldi	r27, 0x04	; 4
    135c:	a6 95       	lsr	r26
    135e:	97 95       	ror	r25
    1360:	87 95       	ror	r24
    1362:	77 95       	ror	r23
    1364:	67 95       	ror	r22
    1366:	ba 95       	dec	r27
    1368:	c9 f7       	brne	.-14     	; 0x135c <__ultoa_invert+0x86>
    136a:	00 97       	sbiw	r24, 0x00	; 0
    136c:	61 05       	cpc	r22, r1
    136e:	71 05       	cpc	r23, r1
    1370:	08 95       	ret
    1372:	9b 01       	movw	r18, r22
    1374:	ac 01       	movw	r20, r24
    1376:	0a 2e       	mov	r0, r26
    1378:	06 94       	lsr	r0
    137a:	57 95       	ror	r21
    137c:	47 95       	ror	r20
    137e:	37 95       	ror	r19
    1380:	27 95       	ror	r18
    1382:	ba 95       	dec	r27
    1384:	c9 f7       	brne	.-14     	; 0x1378 <__ultoa_invert+0xa2>
    1386:	62 0f       	add	r22, r18
    1388:	73 1f       	adc	r23, r19
    138a:	84 1f       	adc	r24, r20
    138c:	95 1f       	adc	r25, r21
    138e:	a0 1d       	adc	r26, r0
    1390:	08 95       	ret

00001392 <__prologue_saves__>:
    1392:	2f 92       	push	r2
    1394:	3f 92       	push	r3
    1396:	4f 92       	push	r4
    1398:	5f 92       	push	r5
    139a:	6f 92       	push	r6
    139c:	7f 92       	push	r7
    139e:	8f 92       	push	r8
    13a0:	9f 92       	push	r9
    13a2:	af 92       	push	r10
    13a4:	bf 92       	push	r11
    13a6:	cf 92       	push	r12
    13a8:	df 92       	push	r13
    13aa:	ef 92       	push	r14
    13ac:	ff 92       	push	r15
    13ae:	0f 93       	push	r16
    13b0:	1f 93       	push	r17
    13b2:	cf 93       	push	r28
    13b4:	df 93       	push	r29
    13b6:	cd b7       	in	r28, 0x3d	; 61
    13b8:	de b7       	in	r29, 0x3e	; 62
    13ba:	ca 1b       	sub	r28, r26
    13bc:	db 0b       	sbc	r29, r27
    13be:	0f b6       	in	r0, 0x3f	; 63
    13c0:	f8 94       	cli
    13c2:	de bf       	out	0x3e, r29	; 62
    13c4:	0f be       	out	0x3f, r0	; 63
    13c6:	cd bf       	out	0x3d, r28	; 61
    13c8:	09 94       	ijmp

000013ca <__epilogue_restores__>:
    13ca:	2a 88       	ldd	r2, Y+18	; 0x12
    13cc:	39 88       	ldd	r3, Y+17	; 0x11
    13ce:	48 88       	ldd	r4, Y+16	; 0x10
    13d0:	5f 84       	ldd	r5, Y+15	; 0x0f
    13d2:	6e 84       	ldd	r6, Y+14	; 0x0e
    13d4:	7d 84       	ldd	r7, Y+13	; 0x0d
    13d6:	8c 84       	ldd	r8, Y+12	; 0x0c
    13d8:	9b 84       	ldd	r9, Y+11	; 0x0b
    13da:	aa 84       	ldd	r10, Y+10	; 0x0a
    13dc:	b9 84       	ldd	r11, Y+9	; 0x09
    13de:	c8 84       	ldd	r12, Y+8	; 0x08
    13e0:	df 80       	ldd	r13, Y+7	; 0x07
    13e2:	ee 80       	ldd	r14, Y+6	; 0x06
    13e4:	fd 80       	ldd	r15, Y+5	; 0x05
    13e6:	0c 81       	ldd	r16, Y+4	; 0x04
    13e8:	1b 81       	ldd	r17, Y+3	; 0x03
    13ea:	aa 81       	ldd	r26, Y+2	; 0x02
    13ec:	b9 81       	ldd	r27, Y+1	; 0x01
    13ee:	ce 0f       	add	r28, r30
    13f0:	d1 1d       	adc	r29, r1
    13f2:	0f b6       	in	r0, 0x3f	; 63
    13f4:	f8 94       	cli
    13f6:	de bf       	out	0x3e, r29	; 62
    13f8:	0f be       	out	0x3f, r0	; 63
    13fa:	cd bf       	out	0x3d, r28	; 61
    13fc:	ed 01       	movw	r28, r26
    13fe:	08 95       	ret

00001400 <_exit>:
    1400:	f8 94       	cli

00001402 <__stop_program>:
    1402:	ff cf       	rjmp	.-2      	; 0x1402 <__stop_program>
